id,title,repo,suggested_files,context_summary,acceptance_hints,blocker_reason
T-P05-001,Bundlar sons push iOS parent,guardiao-familia-parent,guardiao-familia-parent/src/notifications;guardiao-familia-parent/src/devices;guardiao-familia-parent/assets/sounds;guardiao-familia-parent/app.config.js;guardiao-familia-parent/services/push;guardiao-familia-parent/ios,"**Objetivo:** Bundlar sons push iOS parent **Épico:** E-P05 Push notifications nativas · **Trilha:** produto · **OKR O1** — Confiabilidade em tempo real: localização, SOS, push e geofences para pais. **Sprint 3** · Repo `guardiao-familia-parent` · Baseline `todo` · **Release blocker** **Motivo blocker:** Upstream: apps precisam de assets de som no bundle antes dos testes E2E push. **Refinamento:** Feature E2E — alterações em API e/ou apps conforme repo.",Validar em simulador/dispositivo iOS; permissoes no Info.plist.;Critério bloqueante release — exigir review + testes antes merge.,Upstream: apps precisam de assets de som no bundle antes dos testes E2E push.
T-P05-002,Bundlar sons push iOS child,guardiao-familia-parent,guardiao-familia-parent/src/notifications;guardiao-familia-parent/src/devices;guardiao-familia-parent/assets/sounds;guardiao-familia-parent/app.config.js;guardiao-familia-parent/services/push;guardiao-familia-parent/ios,"**Objetivo:** Bundlar sons push iOS child **Épico:** E-P05 Push notifications nativas · **Trilha:** produto · **OKR O1** — Confiabilidade em tempo real: localização, SOS, push e geofences para pais. **Sprint 3** · Repo `guardiao-familia-parent` · Baseline `todo` · **Release blocker** **Motivo blocker:** Upstream: apps precisam de assets de som no bundle antes dos testes E2E push. **Refinamento:** Feature E2E — alterações em API e/ou apps conforme repo.",Validar em simulador/dispositivo iOS; permissoes no Info.plist.;Critério bloqueante release — exigir review + testes antes merge.,Upstream: apps precisam de assets de som no bundle antes dos testes E2E push.
T-P05-003,Bundlar sons push Android parent,guardiao-familia-parent,guardiao-familia-parent/src/notifications;guardiao-familia-parent/src/devices;guardiao-familia-parent/assets/sounds;guardiao-familia-parent/app.config.js;guardiao-familia-parent/services/push;guardiao-familia-parent/android,"**Objetivo:** Bundlar sons push Android parent **Épico:** E-P05 Push notifications nativas · **Trilha:** produto · **OKR O1** — Confiabilidade em tempo real: localização, SOS, push e geofences para pais. **Sprint 3** · Repo `guardiao-familia-parent` · Baseline `todo` · **Release blocker** **Motivo blocker:** Upstream: apps precisam de assets de som no bundle antes dos testes E2E push. **Refinamento:** Feature E2E — alterações em API e/ou apps conforme repo.",Validar em emulador/dispositivo Android; data safety se stores.;Critério bloqueante release — exigir review + testes antes merge.,Upstream: apps precisam de assets de som no bundle antes dos testes E2E push.
T-P05-004,Bundlar sons push Android child,guardiao-familia-parent,guardiao-familia-parent/src/notifications;guardiao-familia-parent/src/devices;guardiao-familia-parent/assets/sounds;guardiao-familia-parent/app.config.js;guardiao-familia-parent/services/push;guardiao-familia-parent/android,"**Objetivo:** Bundlar sons push Android child **Épico:** E-P05 Push notifications nativas · **Trilha:** produto · **OKR O1** — Confiabilidade em tempo real: localização, SOS, push e geofences para pais. **Sprint 3** · Repo `guardiao-familia-parent` · Baseline `todo` · **Release blocker** **Motivo blocker:** Upstream: apps precisam de assets de som no bundle antes dos testes E2E push. **Refinamento:** Feature E2E — alterações em API e/ou apps conforme repo.",Validar em emulador/dispositivo Android; data safety se stores.;Critério bloqueante release — exigir review + testes antes merge.,Upstream: apps precisam de assets de som no bundle antes dos testes E2E push.
T-P05-009,Testes push SOS som emergência,guardiao-familia-parent,guardiao-familia-parent/src/notifications;guardiao-familia-parent/src/devices;guardiao-familia-parent/assets/sounds;guardiao-familia-parent/app.config.js;guardiao-familia-parent/test;guardiao-familia-parent/tests;guardiao-familia-parent/__tests__;guardiao-familia-parent/e2e,"**Objetivo:** Testes push SOS som emergência **Épico:** E-P05 Push notifications nativas · **Trilha:** produto · **OKR O1** — Confiabilidade em tempo real: localização, SOS, push e geofences para pais. **Sprint 3** · Repo `guardiao-familia-parent` · Baseline `todo` · **Release blocker** **Motivo blocker:** KR O1: notificação SOS ao responsável em menos de 30 segundos. **Refinamento:** Feature E2E — alterações em API e/ou apps conforme repo.",Cobertura reproduzível em CI; documentar comando de execução.;Critério bloqueante release — exigir review + testes antes merge.,KR O1: notificação SOS ao responsável em menos de 30 segundos.
T-I01-001,Terraform VPC subnets multi-AZ,guardiao-familia-api,guardiao-familia-api/infra/terraform;guardiao-familia-api/terraform/ecs;guardiao-familia-api/docker;guardiao-familia-api/docs/runbooks;guardiao-familia-api/terraform/modules,"**Objetivo:** Terraform VPC subnets multi-AZ **Épico:** E-I01 AWS ECS Fargate foundation · **Trilha:** infraestrutura · **OKR O2** — Fundação produção: infra AWS, compliance, stores e operação. **Sprint 1** · Repo `guardiao-familia-api` · Baseline `partial` · **Release blocker** **Motivo blocker:** Componente crítico da fundação AWS — sem ele não há ambiente prod confiável. **Refinamento:** implementação parcial existente — completar gaps e testes.",Critério bloqueante release — exigir review + testes antes merge.,Componente crítico da fundação AWS — sem ele não há ambiente prod confiável.
T-I01-002,ECS cluster Fargate,guardiao-familia-api,guardiao-familia-api/infra/terraform;guardiao-familia-api/terraform/ecs;guardiao-familia-api/docker;guardiao-familia-api/docs/runbooks;guardiao-familia-api/terraform/modules,"**Objetivo:** ECS cluster Fargate **Épico:** E-I01 AWS ECS Fargate foundation · **Trilha:** infraestrutura · **OKR O2** — Fundação produção: infra AWS, compliance, stores e operação. **Sprint 1** · Repo `guardiao-familia-api` · Baseline `partial` · **Release blocker** **Motivo blocker:** Componente crítico da fundação AWS — sem ele não há ambiente prod confiável. **Refinamento:** implementação parcial existente — completar gaps e testes.",Critério bloqueante release — exigir review + testes antes merge.,Componente crítico da fundação AWS — sem ele não há ambiente prod confiável.
T-I01-003,Task definition API container,guardiao-familia-api,guardiao-familia-api/infra/terraform;guardiao-familia-api/terraform/ecs;guardiao-familia-api/docker;guardiao-familia-api/docs/runbooks,"**Objetivo:** Task definition API container **Épico:** E-I01 AWS ECS Fargate foundation · **Trilha:** infraestrutura · **OKR O2** — Fundação produção: infra AWS, compliance, stores e operação. **Sprint 1** · Repo `guardiao-familia-api` · Baseline `partial` · **Release blocker** **Motivo blocker:** Fundação AWS (VPC, ECS, ALB, DNS/TLS) bloqueia deploy produção da API e validação E2E real. **Refinamento:** implementação parcial existente — completar gaps e testes.",Critério bloqueante release — exigir review + testes antes merge.,"Fundação AWS (VPC, ECS, ALB, DNS/TLS) bloqueia deploy produção da API e validação E2E real."
T-I01-004,ALB + target group health checks,guardiao-familia-api,guardiao-familia-api/infra/terraform;guardiao-familia-api/terraform/ecs;guardiao-familia-api/docker;guardiao-familia-api/docs/runbooks;guardiao-familia-api/terraform/modules,"**Objetivo:** ALB + target group health checks **Épico:** E-I01 AWS ECS Fargate foundation · **Trilha:** infraestrutura · **OKR O2** — Fundação produção: infra AWS, compliance, stores e operação. **Sprint 1** · Repo `guardiao-familia-api` · Baseline `partial` · **Release blocker** **Motivo blocker:** Componente crítico da fundação AWS — sem ele não há ambiente prod confiável. **Refinamento:** implementação parcial existente — completar gaps e testes.",Critério bloqueante release — exigir review + testes antes merge.,Componente crítico da fundação AWS — sem ele não há ambiente prod confiável.
T-I04-001,RDS PostgreSQL multi-AZ staging,guardiao-familia-api,guardiao-familia-api/src/migrations;guardiao-familia-api/src/database;guardiao-familia-api/prisma;guardiao-familia-api/docker-compose.yml,"**Objetivo:** RDS PostgreSQL multi-AZ staging **Épico:** E-I04 PostgreSQL, Redis e migrations · **Trilha:** infraestrutura · **OKR O2** — Fundação produção: infra AWS, compliance, stores e operação. **Sprint 2** · Repo `guardiao-familia-api` · Baseline `partial` · **Release blocker** **Motivo blocker:** Capacidade de dados em prod — bloqueia cutover e testes de carga reais. **Refinamento:** implementação parcial existente — completar gaps e testes.",Critério bloqueante release — exigir review + testes antes merge.,Capacidade de dados em prod — bloqueia cutover e testes de carga reais.
T-I04-003,Redis ElastiCache session,guardiao-familia-api,guardiao-familia-api/src/migrations;guardiao-familia-api/src/database;guardiao-familia-api/prisma;guardiao-familia-api/docker-compose.yml;guardiao-familia-api/src/auth;guardiao-familia-api/services/auth;guardiao-familia-api/contexts/AuthContext,"**Objetivo:** Redis ElastiCache session **Épico:** E-I04 PostgreSQL, Redis e migrations · **Trilha:** infraestrutura · **OKR O2** — Fundação produção: infra AWS, compliance, stores e operação. **Sprint 2** · Repo `guardiao-familia-api` · Baseline `partial` · **Release blocker** **Motivo blocker:** Capacidade de dados em prod — bloqueia cutover e testes de carga reais. **Refinamento:** implementação parcial existente — completar gaps e testes.",Critério bloqueante release — exigir review + testes antes merge.,Capacidade de dados em prod — bloqueia cutover e testes de carga reais.
T-P04-005,Push SOS parent em <30s iOS,guardiao-familia-api,guardiao-familia-api/src/sos;guardiao-familia-api/src/escalation;guardiao-familia-api/src/notifications;guardiao-familia-api/src/storage;guardiao-familia-api/src/devices;guardiao-familia-api/services/push;guardiao-familia-api/components/sos;guardiao-familia-api/ios,"**Objetivo:** Push SOS parent em <30s iOS **Épico:** E-P04 SOS e emergência · **Trilha:** produto · **OKR O1** — Confiabilidade em tempo real: localização, SOS, push e geofences para pais. **Sprint 5** · Repo `guardiao-familia-api` · Baseline `todo` · **Release blocker** **Motivo blocker:** KR O1: notificação SOS ao responsável em menos de 30 segundos. **Refinamento:** Feature E2E — alterações em API e/ou apps conforme repo.",Validar em simulador/dispositivo iOS; permissoes no Info.plist.;Critério bloqueante release — exigir review + testes antes merge.,KR O1: notificação SOS ao responsável em menos de 30 segundos.
T-P04-006,Push SOS parent em <30s Android,guardiao-familia-api,guardiao-familia-api/src/sos;guardiao-familia-api/src/escalation;guardiao-familia-api/src/notifications;guardiao-familia-api/src/storage;guardiao-familia-api/src/devices;guardiao-familia-api/services/push;guardiao-familia-api/components/sos;guardiao-familia-api/android,"**Objetivo:** Push SOS parent em <30s Android **Épico:** E-P04 SOS e emergência · **Trilha:** produto · **OKR O1** — Confiabilidade em tempo real: localização, SOS, push e geofences para pais. **Sprint 5** · Repo `guardiao-familia-api` · Baseline `todo` · **Release blocker** **Motivo blocker:** KR O1: notificação SOS ao responsável em menos de 30 segundos. **Refinamento:** Feature E2E — alterações em API e/ou apps conforme repo.",Validar em emulador/dispositivo Android; data safety se stores.;Critério bloqueante release — exigir review + testes antes merge.,KR O1: notificação SOS ao responsável em menos de 30 segundos.
T-P03-005,Notificação entrada/saída cerca E2E iOS,guardiao-familia-api,guardiao-familia-api/src/geofences;guardiao-familia-api/src/notifications;guardiao-familia-api/src/location;guardiao-familia-api/test;guardiao-familia-api/tests;guardiao-familia-api/__tests__;guardiao-familia-api/e2e;guardiao-familia-api/src/devices,"**Objetivo:** Notificação entrada/saída cerca E2E iOS **Épico:** E-P03 Geofences e alertas · **Trilha:** produto · **OKR O1** — Confiabilidade em tempo real: localização, SOS, push e geofences para pais. **Sprint 6** · Repo `guardiao-familia-api` · Baseline `todo` · **Release blocker** **Motivo blocker:** KR O1: alerta entrada/saída de cerca validado ponta a ponta. **Refinamento:** Feature E2E — alterações em API e/ou apps conforme repo.",Cobertura reproduzível em CI; documentar comando de execução.;Validar em simulador/dispositivo iOS; permissoes no Info.plist.;Critério bloqueante release — exigir review + testes antes merge.,KR O1: alerta entrada/saída de cerca validado ponta a ponta.
T-P03-006,Notificação entrada/saída cerca E2E Android,guardiao-familia-api,guardiao-familia-api/src/geofences;guardiao-familia-api/src/notifications;guardiao-familia-api/src/location;guardiao-familia-api/test;guardiao-familia-api/tests;guardiao-familia-api/__tests__;guardiao-familia-api/e2e;guardiao-familia-api/src/devices,"**Objetivo:** Notificação entrada/saída cerca E2E Android **Épico:** E-P03 Geofences e alertas · **Trilha:** produto · **OKR O1** — Confiabilidade em tempo real: localização, SOS, push e geofences para pais. **Sprint 6** · Repo `guardiao-familia-api` · Baseline `todo` · **Release blocker** **Motivo blocker:** KR O1: alerta entrada/saída de cerca validado ponta a ponta. **Refinamento:** Feature E2E — alterações em API e/ou apps conforme repo.",Cobertura reproduzível em CI; documentar comando de execução.;Validar em emulador/dispositivo Android; data safety se stores.;Critério bloqueante release — exigir review + testes antes merge.,KR O1: alerta entrada/saída de cerca validado ponta a ponta.
T-S01-005,Review notes location background,guardiao-familia-parent,guardiao-familia-parent/app.config.js;guardiao-familia-parent/ios;guardiao-familia-parent/eas.json;guardiao-familia-parent/docs/store/apple-parent;guardiao-familia-parent/src/location;guardiao-familia-parent/src/maps;guardiao-familia-parent/components/map;guardiao-familia-parent/services/location,"**Objetivo:** Review notes location background **Épico:** E-S01 Apple App Store parent · **Trilha:** stores · **OKR O2** — Fundação produção: infra AWS, compliance, stores e operação. **Sprint 11** · Repo `guardiao-familia-parent` · Baseline `todo` · **Release blocker** **Motivo blocker:** Apple rejeita apps com background location sem review notes adequadas. **Refinamento:** Publicação App Store / Google Play — versões, review notes, checklist.",Critério bloqueante release — exigir review + testes antes merge.,Apple rejeita apps com background location sem review notes adequadas.
T-S01-006,Submit production parent,guardiao-familia-parent,guardiao-familia-parent/app.config.js;guardiao-familia-parent/ios;guardiao-familia-parent/eas.json;guardiao-familia-parent/docs/store/apple-parent;guardiao-familia-parent/docs/store;guardiao-familia-parent/fastlane,"**Objetivo:** Submit production parent **Épico:** E-S01 Apple App Store parent · **Trilha:** stores · **OKR O2** — Fundação produção: infra AWS, compliance, stores e operação. **Sprint 11** · Repo `guardiao-familia-parent` · Baseline `todo` · **Release blocker** **Motivo blocker:** Publicação nas stores — rejeição ou delay bloqueia receita e KR O2. **Refinamento:** Publicação App Store / Google Play — versões, review notes, checklist.",Critério bloqueante release — exigir review + testes antes merge.,Publicação nas stores — rejeição ou delay bloqueia receita e KR O2.
T-S02-005,Submit production child,guardiao-familia-child,guardiao-familia-child/app.config.js;guardiao-familia-child/ios;guardiao-familia-child/eas.json;guardiao-familia-child/docs/store/apple-child;guardiao-familia-child/docs/store;guardiao-familia-child/fastlane,"**Objetivo:** Submit production child **Épico:** E-S02 Apple App Store child · **Trilha:** stores · **OKR O2** — Fundação produção: infra AWS, compliance, stores e operação. **Sprint 11** · Repo `guardiao-familia-child` · Baseline `todo` · **Release blocker** **Evidência código:** commit `True` — revisar diff como ponto de partida. **Motivo blocker:** Publicação nas stores — rejeição ou delay bloqueia receita e KR O2. **Refinamento:** Publicação App Store / Google Play — versões, review notes, c",Critério bloqueante release — exigir review + testes antes merge.,Publicação nas stores — rejeição ou delay bloqueia receita e KR O2.
T-S06-008,Release: version sync matrix 4 apps,guardiao-familia-api,guardiao-familia-api/docs/release;guardiao-familia-api/CHANGELOG.md;guardiao-familia-api/.github/workflows/release;guardiao-familia-api/eas.json;guardiao-familia-api/app.config.js;guardiao-familia-api/docs/store;guardiao-familia-api/fastlane,"**Objetivo:** Release: version sync matrix 4 apps **Épico:** E-S05 Coordenação release e beta · **Trilha:** stores · **OKR O2** — Fundação produção: infra AWS, compliance, stores e operação. **Sprint 13** · Repo `guardiao-familia-api` · Baseline `todo` · **Release blocker** **Motivo blocker:** Matriz de versão e plano de rollback são obrigatórios para release coordenado das 4 apps. **Refinamento:** Publicação App Store / Google Play — versões, review notes, checklist.",Critério bloqueante release — exigir review + testes antes merge.,Matriz de versão e plano de rollback são obrigatórios para release coordenado das 4 apps.
T-S06-009,Release: rollback store version plan,guardiao-familia-api,guardiao-familia-api/docs/release;guardiao-familia-api/CHANGELOG.md;guardiao-familia-api/.github/workflows/release;guardiao-familia-api/eas.json;guardiao-familia-api/app.config.js;guardiao-familia-api/docs/store;guardiao-familia-api/fastlane,"**Objetivo:** Release: rollback store version plan **Épico:** E-S05 Coordenação release e beta · **Trilha:** stores · **OKR O2** — Fundação produção: infra AWS, compliance, stores e operação. **Sprint 13** · Repo `guardiao-familia-api` · Baseline `todo` · **Release blocker** **Motivo blocker:** Matriz de versão e plano de rollback são obrigatórios para release coordenado das 4 apps. **Refinamento:** Publicação App Store / Google Play — versões, review notes, checklist.",Critério bloqueante release — exigir review + testes antes merge.,Matriz de versão e plano de rollback são obrigatórios para release coordenado das 4 apps.
T-S03-005,Production rollout parent,guardiao-familia-parent,guardiao-familia-parent/app.config.js;guardiao-familia-parent/android;guardiao-familia-parent/eas.json;guardiao-familia-parent/docs/store/google-parent,"**Objetivo:** Production rollout parent **Épico:** E-S03 Google Play parent · **Trilha:** stores · **OKR O2** — Fundação produção: infra AWS, compliance, stores e operação. **Sprint 12** · Repo `guardiao-familia-parent` · Baseline `todo` · **Release blocker** **Motivo blocker:** Publicação nas stores — rejeição ou delay bloqueia receita e KR O2. **Refinamento:** Publicação App Store / Google Play — versões, review notes, checklist.",Critério bloqueante release — exigir review + testes antes merge.,Publicação nas stores — rejeição ou delay bloqueia receita e KR O2.
T-S04-005,Production rollout child,guardiao-familia-child,guardiao-familia-child/app.config.js;guardiao-familia-child/android;guardiao-familia-child/eas.json;guardiao-familia-child/docs/store/google-child,"**Objetivo:** Production rollout child **Épico:** E-S04 Google Play child · **Trilha:** stores · **OKR O2** — Fundação produção: infra AWS, compliance, stores e operação. **Sprint 12** · Repo `guardiao-familia-child` · Baseline `todo` · **Release blocker** **Motivo blocker:** Publicação nas stores — rejeição ou delay bloqueia receita e KR O2. **Refinamento:** Publicação App Store / Google Play — versões, review notes, checklist.",Critério bloqueante release — exigir review + testes antes merge.,Publicação nas stores — rejeição ou delay bloqueia receita e KR O2.
T-S05-001,Checklist release blocker consolidado,guardiao-familia-api,guardiao-familia-api/docs/release;guardiao-familia-api/CHANGELOG.md;guardiao-familia-api/.github/workflows/release;guardiao-familia-api/eas.json;guardiao-familia-api/app.config.js;guardiao-familia-api/docs/store;guardiao-familia-api/fastlane,"**Objetivo:** Checklist release blocker consolidado **Épico:** E-S05 Coordenação release e beta · **Trilha:** stores · **OKR O2** — Fundação produção: infra AWS, compliance, stores e operação. **Sprint 13** · Repo `guardiao-familia-api` · Baseline `todo` · **Release blocker** **Motivo blocker:** Consolida todos os release blockers técnicos e de compliance antes do go-live. **Refinamento:** Publicação App Store / Google Play — versões, review notes, checklist.",Critério bloqueante release — exigir review + testes antes merge.,Consolida todos os release blockers técnicos e de compliance antes do go-live.
T-I01-005,ECR repository e lifecycle,guardiao-familia-api,guardiao-familia-api/infra/terraform;guardiao-familia-api/terraform/ecs;guardiao-familia-api/docker;guardiao-familia-api/docs/runbooks;guardiao-familia-api/terraform/modules,"**Objetivo:** ECR repository e lifecycle **Épico:** E-I01 AWS ECS Fargate foundation · **Trilha:** infraestrutura · **OKR O2** — Fundação produção: infra AWS, compliance, stores e operação. **Sprint 1** · Repo `guardiao-familia-api` · Baseline `todo` · **Release blocker** **Motivo blocker:** Componente crítico da fundação AWS — sem ele não há ambiente prod confiável. **Refinamento:** AWS, CI/CD, banco, observabilidade — priorizar IaC e runbooks.",Critério bloqueante release — exigir review + testes antes merge.,Componente crítico da fundação AWS — sem ele não há ambiente prod confiável.
T-I01-006,Service autoscaling CPU/mem,guardiao-familia-api,guardiao-familia-api/infra/terraform;guardiao-familia-api/terraform/ecs;guardiao-familia-api/docker;guardiao-familia-api/docs/runbooks,"**Objetivo:** Service autoscaling CPU/mem **Épico:** E-I01 AWS ECS Fargate foundation · **Trilha:** infraestrutura · **OKR O2** — Fundação produção: infra AWS, compliance, stores e operação. **Sprint 1** · Repo `guardiao-familia-api` · Baseline `todo` · **Release blocker** **Motivo blocker:** Fundação AWS (VPC, ECS, ALB, DNS/TLS) bloqueia deploy produção da API e validação E2E real. **Refinamento:** AWS, CI/CD, banco, observabilidade — priorizar IaC e runbooks.",Critério bloqueante release — exigir review + testes antes merge.,"Fundação AWS (VPC, ECS, ALB, DNS/TLS) bloqueia deploy produção da API e validação E2E real."
T-I01-007,Secrets Manager env injection,guardiao-familia-api,guardiao-familia-api/infra/terraform;guardiao-familia-api/terraform/ecs;guardiao-familia-api/docker;guardiao-familia-api/docs/runbooks;guardiao-familia-api/terraform/modules,"**Objetivo:** Secrets Manager env injection **Épico:** E-I01 AWS ECS Fargate foundation · **Trilha:** infraestrutura · **OKR O2** — Fundação produção: infra AWS, compliance, stores e operação. **Sprint 1** · Repo `guardiao-familia-api` · Baseline `todo` · **Release blocker** **Motivo blocker:** Componente crítico da fundação AWS — sem ele não há ambiente prod confiável. **Refinamento:** AWS, CI/CD, banco, observabilidade — priorizar IaC e runbooks.",Critério bloqueante release — exigir review + testes antes merge.,Componente crítico da fundação AWS — sem ele não há ambiente prod confiável.
T-I01-008,Route53 DNS api.guardiaofamilia,guardiao-familia-api,guardiao-familia-api/infra/terraform;guardiao-familia-api/terraform/ecs;guardiao-familia-api/docker;guardiao-familia-api/docs/runbooks;guardiao-familia-api/terraform/modules,"**Objetivo:** Route53 DNS api.guardiaofamilia **Épico:** E-I01 AWS ECS Fargate foundation · **Trilha:** infraestrutura · **OKR O2** — Fundação produção: infra AWS, compliance, stores e operação. **Sprint 1** · Repo `guardiao-familia-api` · Baseline `todo` · **Release blocker** **Motivo blocker:** Componente crítico da fundação AWS — sem ele não há ambiente prod confiável. **Refinamento:** AWS, CI/CD, banco, observabilidade — priorizar IaC e runbooks.",Critério bloqueante release — exigir review + testes antes merge.,Componente crítico da fundação AWS — sem ele não há ambiente prod confiável.
T-I01-009,ACM cert TLS,guardiao-familia-api,guardiao-familia-api/infra/terraform;guardiao-familia-api/terraform/ecs;guardiao-familia-api/docker;guardiao-familia-api/docs/runbooks;guardiao-familia-api/terraform/modules,"**Objetivo:** ACM cert TLS **Épico:** E-I01 AWS ECS Fargate foundation · **Trilha:** infraestrutura · **OKR O2** — Fundação produção: infra AWS, compliance, stores e operação. **Sprint 1** · Repo `guardiao-familia-api` · Baseline `todo` · **Release blocker** **Motivo blocker:** Componente crítico da fundação AWS — sem ele não há ambiente prod confiável. **Refinamento:** AWS, CI/CD, banco, observabilidade — priorizar IaC e runbooks.",Critério bloqueante release — exigir review + testes antes merge.,Componente crítico da fundação AWS — sem ele não há ambiente prod confiável.
T-I01-010,Documentar runbook deploy ECS,guardiao-familia-api,guardiao-familia-api/infra/terraform;guardiao-familia-api/terraform/ecs;guardiao-familia-api/docker;guardiao-familia-api/docs/runbooks;guardiao-familia-api/terraform/modules;guardiao-familia-api/.github/workflows;guardiao-familia-api/scripts/ci,"**Objetivo:** Documentar runbook deploy ECS **Épico:** E-I01 AWS ECS Fargate foundation · **Trilha:** infraestrutura · **OKR O2** — Fundação produção: infra AWS, compliance, stores e operação. **Sprint 1** · Repo `guardiao-familia-api` · Baseline `todo` · **Release blocker** **Motivo blocker:** Componente crítico da fundação AWS — sem ele não há ambiente prod confiável. **Refinamento:** AWS, CI/CD, banco, observabilidade — priorizar IaC e runbooks.",Entregável em markdown no repo; linkar no PR.;Critério bloqueante release — exigir review + testes antes merge.,Componente crítico da fundação AWS — sem ele não há ambiente prod confiável.
T-I06-002,Prod cutover checklist,guardiao-familia-api,guardiao-familia-api/infra/terraform/environments;guardiao-familia-api/docs/runbooks;guardiao-familia-api/.env.example,"**Objetivo:** Prod cutover checklist **Épico:** E-I06 Ambientes staging e produção · **Trilha:** infraestrutura · **OKR O2** — Fundação produção: infra AWS, compliance, stores e operação. **Sprint 12** · Repo `guardiao-familia-api` · Baseline `todo` · **Release blocker** **Motivo blocker:** Migração staging→prod — erro causa downtime ou perda de dados. **Refinamento:** AWS, CI/CD, banco, observabilidade — priorizar IaC e runbooks.",Critério bloqueante release — exigir review + testes antes merge.,Migração staging→prod — erro causa downtime ou perda de dados.
T-P11-009,DPO sign-off release,guardiao-familia-api,guardiao-familia-api/src/compliance;guardiao-familia-api/src/users;guardiao-familia-api/docs/lgpd;guardiao-familia-api/eas.json;guardiao-familia-api/app.config.js;guardiao-familia-api/docs/store;guardiao-familia-api/fastlane,"**Objetivo:** DPO sign-off release **Épico:** E-P11 LGPD e compliance produto · **Trilha:** produto · **OKR O2** — Fundação produção: infra AWS, compliance, stores e operação. **Sprint 8** · Repo `guardiao-familia-api` · Baseline `todo` · **Release blocker** **Motivo blocker:** Gate legal LGPD — obrigatório antes de release público. **Refinamento:** Feature E2E — alterações em API e/ou apps conforme repo.",Critério bloqueante release — exigir review + testes antes merge.,Gate legal LGPD — obrigatório antes de release público.
T-I04-002,RDS PostgreSQL multi-AZ prod,guardiao-familia-api,guardiao-familia-api/src/migrations;guardiao-familia-api/src/database;guardiao-familia-api/prisma;guardiao-familia-api/docker-compose.yml,"**Objetivo:** RDS PostgreSQL multi-AZ prod **Épico:** E-I04 PostgreSQL, Redis e migrations · **Trilha:** infraestrutura · **OKR O2** — Fundação produção: infra AWS, compliance, stores e operação. **Sprint 2** · Repo `guardiao-familia-api` · Baseline `todo` · **Release blocker** **Motivo blocker:** Capacidade de dados em prod — bloqueia cutover e testes de carga reais. **Refinamento:** AWS, CI/CD, banco, observabilidade — priorizar IaC e runbooks.",Critério bloqueante release — exigir review + testes antes merge.,Capacidade de dados em prod — bloqueia cutover e testes de carga reais.
T-I04-004,Backup automático PITR,guardiao-familia-api,guardiao-familia-api/src/migrations;guardiao-familia-api/src/database;guardiao-familia-api/prisma;guardiao-familia-api/docker-compose.yml,"**Objetivo:** Backup automático PITR **Épico:** E-I04 PostgreSQL, Redis e migrations · **Trilha:** infraestrutura · **OKR O2** — Fundação produção: infra AWS, compliance, stores e operação. **Sprint 2** · Repo `guardiao-familia-api` · Baseline `todo` · **Release blocker** **Motivo blocker:** Capacidade de dados em prod — bloqueia cutover e testes de carga reais. **Refinamento:** AWS, CI/CD, banco, observabilidade — priorizar IaC e runbooks.",Critério bloqueante release — exigir review + testes antes merge.,Capacidade de dados em prod — bloqueia cutover e testes de carga reais.
T-I04-005,Migration strategy zero-downtime,guardiao-familia-api,guardiao-familia-api/src/migrations;guardiao-familia-api/src/database;guardiao-familia-api/prisma;guardiao-familia-api/docker-compose.yml,"**Objetivo:** Migration strategy zero-downtime **Épico:** E-I04 PostgreSQL, Redis e migrations · **Trilha:** infraestrutura · **OKR O2** — Fundação produção: infra AWS, compliance, stores e operação. **Sprint 2** · Repo `guardiao-familia-api` · Baseline `todo` · **Release blocker** **Motivo blocker:** Capacidade de dados em prod — bloqueia cutover e testes de carga reais. **Refinamento:** AWS, CI/CD, banco, observabilidade — priorizar IaC e runbooks.",Critério bloqueante release — exigir review + testes antes merge.,Capacidade de dados em prod — bloqueia cutover e testes de carga reais.
T-I04-006,Índices performance geofence/location,guardiao-familia-api,guardiao-familia-api/src/migrations;guardiao-familia-api/src/database;guardiao-familia-api/prisma;guardiao-familia-api/docker-compose.yml;guardiao-familia-api/src/location;guardiao-familia-api/src/maps;guardiao-familia-api/components/map;guardiao-familia-api/services/location,"**Objetivo:** Índices performance geofence/location **Épico:** E-I04 PostgreSQL, Redis e migrations · **Trilha:** infraestrutura · **OKR O2** — Fundação produção: infra AWS, compliance, stores e operação. **Sprint 2** · Repo `guardiao-familia-api` · Baseline `todo` · **Release blocker** **Motivo blocker:** Capacidade de dados em prod — bloqueia cutover e testes de carga reais. **Refinamento:** AWS, CI/CD, banco, observabilidade — priorizar IaC e runbooks.",Critério bloqueante release — exigir review + testes antes merge.,Capacidade de dados em prod — bloqueia cutover e testes de carga reais.
T-I05-005,Pen test checklist pré-release,guardiao-familia-api,guardiao-familia-api/infra/terraform/waf;guardiao-familia-api/infra/secrets;guardiao-familia-api/src/config;guardiao-familia-api/test;guardiao-familia-api/tests;guardiao-familia-api/__tests__;guardiao-familia-api/e2e;guardiao-familia-api/eas.json,"**Objetivo:** Pen test checklist pré-release **Épico:** E-I05 Segurança, secrets e WAF · **Trilha:** infraestrutura · **OKR O2** — Fundação produção: infra AWS, compliance, stores e operação. **Sprint 4** · Repo `guardiao-familia-api` · Baseline `todo` · **Release blocker** **Motivo blocker:** Checklist segurança pré-release exigido pela política O2. **Refinamento:** AWS, CI/CD, banco, observabilidade — priorizar IaC e runbooks.",Critério bloqueante release — exigir review + testes antes merge.,Checklist segurança pré-release exigido pela política O2.
T-P02-007,Histórico trajetos parent UI paginado,guardiao-familia-api,guardiao-familia-api/src/location;guardiao-familia-api/src/maps;guardiao-familia-api/src/modules/mapbox,"**Objetivo:** Histórico trajetos parent UI paginado **Épico:** E-P02 Localização e rotas Mapbox · **Trilha:** produto · **OKR O1** — Confiabilidade em tempo real: localização, SOS, push e geofences para pais. **Sprint 4** · Repo `guardiao-familia-api` · Baseline `partial` **Evidência código:** commit `7d4995d` — revisar diff como ponto de partida. **Refinamento:** implementação parcial existente — completar gaps e testes.","PR com estrategia, arquivos alterados e duvidas (template 10-agents).",
T-P02-010,Testes integração ping batch location,guardiao-familia-api,guardiao-familia-api/src/location;guardiao-familia-api/src/maps;guardiao-familia-api/src/modules/mapbox;guardiao-familia-api/test;guardiao-familia-api/tests;guardiao-familia-api/__tests__;guardiao-familia-api/e2e;guardiao-familia-api/components/map,"**Objetivo:** Testes integração ping batch location **Épico:** E-P02 Localização e rotas Mapbox · **Trilha:** produto · **OKR O1** — Confiabilidade em tempo real: localização, SOS, push e geofences para pais. **Sprint 4** · Repo `guardiao-familia-api` · Baseline `partial` **Refinamento:** implementação parcial existente — completar gaps e testes.",Cobertura reproduzível em CI; documentar comando de execução.,
T-P02-012,Fallback quando GPS desligado child,guardiao-familia-api,guardiao-familia-api/src/location;guardiao-familia-api/src/maps;guardiao-familia-api/src/modules/mapbox;guardiao-familia-api/components/map;guardiao-familia-api/services/location,"**Objetivo:** Fallback quando GPS desligado child **Épico:** E-P02 Localização e rotas Mapbox · **Trilha:** produto · **OKR O1** — Confiabilidade em tempo real: localização, SOS, push e geofences para pais. **Sprint 4** · Repo `guardiao-familia-api` · Baseline `partial` **Refinamento:** implementação parcial existente — completar gaps e testes.","PR com estrategia, arquivos alterados e duvidas (template 10-agents).",
T-P05-005,Configurar APNs production certificates,guardiao-familia-parent,guardiao-familia-parent/src/notifications;guardiao-familia-parent/src/devices;guardiao-familia-parent/assets/sounds;guardiao-familia-parent/app.config.js;guardiao-familia-parent/services/push,"**Objetivo:** Configurar APNs production certificates **Épico:** E-P05 Push notifications nativas · **Trilha:** produto · **OKR O1** — Confiabilidade em tempo real: localização, SOS, push e geofences para pais. **Sprint 3** · Repo `guardiao-familia-parent` · Baseline `partial` **Refinamento:** implementação parcial existente — completar gaps e testes.","PR com estrategia, arquivos alterados e duvidas (template 10-agents).",
T-P05-006,Configurar FCM data messages SOS,guardiao-familia-parent,guardiao-familia-parent/src/notifications;guardiao-familia-parent/src/devices;guardiao-familia-parent/assets/sounds;guardiao-familia-parent/app.config.js;guardiao-familia-parent/services/push;guardiao-familia-parent/src/sos;guardiao-familia-parent/src/escalation;guardiao-familia-parent/components/sos,"**Objetivo:** Configurar FCM data messages SOS **Épico:** E-P05 Push notifications nativas · **Trilha:** produto · **OKR O1** — Confiabilidade em tempo real: localização, SOS, push e geofences para pais. **Sprint 3** · Repo `guardiao-familia-parent` · Baseline `partial` **Refinamento:** implementação parcial existente — completar gaps e testes.","PR com estrategia, arquivos alterados e duvidas (template 10-agents).",
T-P04-003,Parent histórico SOS error handling,guardiao-familia-api,guardiao-familia-api/src/sos;guardiao-familia-api/src/escalation;guardiao-familia-api/src/notifications;guardiao-familia-api/src/storage;guardiao-familia-api/components/sos,"**Objetivo:** Parent histórico SOS error handling **Épico:** E-P04 SOS e emergência · **Trilha:** produto · **OKR O1** — Confiabilidade em tempo real: localização, SOS, push e geofences para pais. **Sprint 5** · Repo `guardiao-familia-api` · Baseline `partial` **Evidência código:** commit `f339651` — revisar diff como ponto de partida. **Refinamento:** implementação parcial existente — completar gaps e testes.","PR com estrategia, arquivos alterados e duvidas (template 10-agents).",
T-P04-004,Child trigger SOS UI discreto,guardiao-familia-api,guardiao-familia-api/src/sos;guardiao-familia-api/src/escalation;guardiao-familia-api/src/notifications;guardiao-familia-api/src/storage;guardiao-familia-api/components/sos,"**Objetivo:** Child trigger SOS UI discreto **Épico:** E-P04 SOS e emergência · **Trilha:** produto · **OKR O1** — Confiabilidade em tempo real: localização, SOS, push e geofences para pais. **Sprint 5** · Repo `guardiao-familia-api` · Baseline `partial` **Refinamento:** implementação parcial existente — completar gaps e testes.","PR com estrategia, arquivos alterados e duvidas (template 10-agents).",
T-P04-007,Escalation rules SOS sem ack,guardiao-familia-api,guardiao-familia-api/src/sos;guardiao-familia-api/src/escalation;guardiao-familia-api/src/notifications;guardiao-familia-api/src/storage;guardiao-familia-api/components/sos,"**Objetivo:** Escalation rules SOS sem ack **Épico:** E-P04 SOS e emergência · **Trilha:** produto · **OKR O1** — Confiabilidade em tempo real: localização, SOS, push e geofences para pais. **Sprint 5** · Repo `guardiao-familia-api` · Baseline `partial` **Refinamento:** implementação parcial existente — completar gaps e testes.","PR com estrategia, arquivos alterados e duvidas (template 10-agents).",
T-P04-008,Backoffice visualizar áudio SOS,guardiao-familia-api,guardiao-familia-api/src/sos;guardiao-familia-api/src/escalation;guardiao-familia-api/src/notifications;guardiao-familia-api/src/storage;guardiao-familia-api/components/sos;guardiao-familia-api/app/admin;guardiao-familia-api/components/admin;guardiao-familia-api/pages,"**Objetivo:** Backoffice visualizar áudio SOS **Épico:** E-P04 SOS e emergência · **Trilha:** produto · **OKR O1** — Confiabilidade em tempo real: localização, SOS, push e geofences para pais. **Sprint 5** · Repo `guardiao-familia-api` · Baseline `partial` **Evidência código:** commit `b870fd6` — revisar diff como ponto de partida. **Refinamento:** implementação parcial existente — completar gaps e testes.","PR com estrategia, arquivos alterados e duvidas (template 10-agents).",
T-P03-002,Melhorar delivery alerta geofence push,guardiao-familia-api,guardiao-familia-api/src/geofences;guardiao-familia-api/src/notifications;guardiao-familia-api/src/location;guardiao-familia-api/src/devices;guardiao-familia-api/services/push;guardiao-familia-api/components/geofence;guardiao-familia-api/src/monitoring;guardiao-familia-api/sentry.config.js,"**Objetivo:** Melhorar delivery alerta geofence push **Épico:** E-P03 Geofences e alertas · **Trilha:** produto · **OKR O1** — Confiabilidade em tempo real: localização, SOS, push e geofences para pais. **Sprint 6** · Repo `guardiao-familia-api` · Baseline `partial` **Evidência código:** commit `18d2dbf` — revisar diff como ponto de partida. **Refinamento:** implementação parcial existente — completar gaps e testes.","PR com estrategia, arquivos alterados e duvidas (template 10-agents).",
T-P03-003,Parent UI criar/editar cerca circular,guardiao-familia-api,guardiao-familia-api/src/geofences;guardiao-familia-api/src/notifications;guardiao-familia-api/src/location;guardiao-familia-api/components/geofence,"**Objetivo:** Parent UI criar/editar cerca circular **Épico:** E-P03 Geofences e alertas · **Trilha:** produto · **OKR O1** — Confiabilidade em tempo real: localização, SOS, push e geofences para pais. **Sprint 6** · Repo `guardiao-familia-api` · Baseline `partial` **Refinamento:** implementação parcial existente — completar gaps e testes.","PR com estrategia, arquivos alterados e duvidas (template 10-agents).",
T-S01-001,App Store Connect metadata parent PT,guardiao-familia-parent,guardiao-familia-parent/app.config.js;guardiao-familia-parent/ios;guardiao-familia-parent/eas.json;guardiao-familia-parent/docs/store/apple-parent;guardiao-familia-parent/docs/store;guardiao-familia-parent/fastlane,"**Objetivo:** App Store Connect metadata parent PT **Épico:** E-S01 Apple App Store parent · **Trilha:** stores · **OKR O2** — Fundação produção: infra AWS, compliance, stores e operação. **Sprint 11** · Repo `guardiao-familia-parent` · Baseline `partial` **Refinamento:** implementação parcial existente — completar gaps e testes.","PR com estrategia, arquivos alterados e duvidas (template 10-agents).",
T-S01-003,Privacy nutrition labels parent,guardiao-familia-parent,guardiao-familia-parent/app.config.js;guardiao-familia-parent/ios;guardiao-familia-parent/eas.json;guardiao-familia-parent/docs/store/apple-parent,"**Objetivo:** Privacy nutrition labels parent **Épico:** E-S01 Apple App Store parent · **Trilha:** stores · **OKR O2** — Fundação produção: infra AWS, compliance, stores e operação. **Sprint 11** · Repo `guardiao-familia-parent` · Baseline `partial` **Refinamento:** implementação parcial existente — completar gaps e testes.","PR com estrategia, arquivos alterados e duvidas (template 10-agents).",
T-S01-004,TestFlight external beta 50 users,guardiao-familia-parent,guardiao-familia-parent/app.config.js;guardiao-familia-parent/ios;guardiao-familia-parent/eas.json;guardiao-familia-parent/docs/store/apple-parent;guardiao-familia-parent/test;guardiao-familia-parent/tests;guardiao-familia-parent/__tests__;guardiao-familia-parent/e2e,"**Objetivo:** TestFlight external beta 50 users **Épico:** E-S01 Apple App Store parent · **Trilha:** stores · **OKR O2** — Fundação produção: infra AWS, compliance, stores e operação. **Sprint 11** · Repo `guardiao-familia-parent` · Baseline `partial` **Evidência código:** commit `c1bb681` — revisar diff como ponto de partida. **Refinamento:** implementação parcial existente — completar gaps e testes.","PR com estrategia, arquivos alterados e duvidas (template 10-agents).",
T-S02-001,Metadata child PT minors,guardiao-familia-child,guardiao-familia-child/app.config.js;guardiao-familia-child/ios;guardiao-familia-child/eas.json;guardiao-familia-child/docs/store/apple-child,"**Objetivo:** Metadata child PT minors **Épico:** E-S02 Apple App Store child · **Trilha:** stores · **OKR O2** — Fundação produção: infra AWS, compliance, stores e operação. **Sprint 11** · Repo `guardiao-familia-child` · Baseline `partial` **Refinamento:** implementação parcial existente — completar gaps e testes.","PR com estrategia, arquivos alterados e duvidas (template 10-agents).",
T-S02-003,Parental gate App Store,guardiao-familia-child,guardiao-familia-child/app.config.js;guardiao-familia-child/ios;guardiao-familia-child/eas.json;guardiao-familia-child/docs/store/apple-child;guardiao-familia-child/docs/store;guardiao-familia-child/fastlane,"**Objetivo:** Parental gate App Store **Épico:** E-S02 Apple App Store child · **Trilha:** stores · **OKR O2** — Fundação produção: infra AWS, compliance, stores e operação. **Sprint 11** · Repo `guardiao-familia-child` · Baseline `partial` **Evidência código:** commit `f26520e` — revisar diff como ponto de partida. **Refinamento:** implementação parcial existente — completar gaps e testes.","PR com estrategia, arquivos alterados e duvidas (template 10-agents).",
T-S02-004,TestFlight child beta,guardiao-familia-child,guardiao-familia-child/app.config.js;guardiao-familia-child/ios;guardiao-familia-child/eas.json;guardiao-familia-child/docs/store/apple-child;guardiao-familia-child/test;guardiao-familia-child/tests;guardiao-familia-child/__tests__;guardiao-familia-child/e2e,"**Objetivo:** TestFlight child beta **Épico:** E-S02 Apple App Store child · **Trilha:** stores · **OKR O2** — Fundação produção: infra AWS, compliance, stores e operação. **Sprint 11** · Repo `guardiao-familia-child` · Baseline `partial` **Evidência código:** commit `badaa4e` — revisar diff como ponto de partida. **Refinamento:** implementação parcial existente — completar gaps e testes.","PR com estrategia, arquivos alterados e duvidas (template 10-agents).",
T-I02-001,Pipeline API build test deploy,guardiao-familia-api,guardiao-familia-api/.github/workflows;guardiao-familia-api/scripts/deploy;guardiao-familia-api/eas.json;guardiao-familia-api/scripts/ci;guardiao-familia-api/test;guardiao-familia-api/tests;guardiao-familia-api/__tests__;guardiao-familia-api/e2e,"**Objetivo:** Pipeline API build test deploy **Épico:** E-I02 CI/CD multi-repo · **Trilha:** infraestrutura · **OKR O2** — Fundação produção: infra AWS, compliance, stores e operação. **Sprint 2** · Repo `guardiao-familia-api` · Baseline `partial` **Evidência código:** commit `5821a0a` — revisar diff como ponto de partida. **Refinamento:** implementação parcial existente — completar gaps e testes.","PR com estrategia, arquivos alterados e duvidas (template 10-agents).",
T-I02-006,EAS build child production,guardiao-familia-api,guardiao-familia-api/.github/workflows;guardiao-familia-api/scripts/deploy;guardiao-familia-api/eas.json,"**Objetivo:** EAS build child production **Épico:** E-I02 CI/CD multi-repo · **Trilha:** infraestrutura · **OKR O2** — Fundação produção: infra AWS, compliance, stores e operação. **Sprint 2** · Repo `guardiao-familia-api` · Baseline `partial` **Evidência código:** commit `d787da9` — revisar diff como ponto de partida. **Refinamento:** implementação parcial existente — completar gaps e testes.","PR com estrategia, arquivos alterados e duvidas (template 10-agents).",
T-I02-008,Dependabot todos repos,guardiao-familia-api,guardiao-familia-api/.github/workflows;guardiao-familia-api/scripts/deploy;guardiao-familia-api/eas.json,"**Objetivo:** Dependabot todos repos **Épico:** E-I02 CI/CD multi-repo · **Trilha:** infraestrutura · **OKR O2** — Fundação produção: infra AWS, compliance, stores e operação. **Sprint 2** · Repo `guardiao-familia-api` · Baseline `partial` **Refinamento:** implementação parcial existente — completar gaps e testes.","PR com estrategia, arquivos alterados e duvidas (template 10-agents).",
T-I02-009,Template PR org-wide,guardiao-familia-api,guardiao-familia-api/.github/workflows;guardiao-familia-api/scripts/deploy;guardiao-familia-api/eas.json,"**Objetivo:** Template PR org-wide **Épico:** E-I02 CI/CD multi-repo · **Trilha:** infraestrutura · **OKR O2** — Fundação produção: infra AWS, compliance, stores e operação. **Sprint 2** · Repo `guardiao-familia-api` · Baseline `partial` **Evidência código:** commit `9f3a1c3` — revisar diff como ponto de partida. **Refinamento:** implementação parcial existente — completar gaps e testes.","PR com estrategia, arquivos alterados e duvidas (template 10-agents).",
T-P02-011,Documentar SLA ping P95,guardiao-familia-api,guardiao-familia-api/src/location;guardiao-familia-api/src/maps;guardiao-familia-api/src/modules/mapbox,"**Objetivo:** Documentar SLA ping P95 **Épico:** E-P02 Localização e rotas Mapbox · **Trilha:** produto · **OKR O1** — Confiabilidade em tempo real: localização, SOS, push e geofences para pais. **Sprint 4** · Repo `guardiao-familia-api` · Baseline `todo` **Refinamento:** Feature E2E — alterações em API e/ou apps conforme repo.",Entregável em markdown no repo; linkar no PR.,
T-P14-031,API compliance: data export job async worker,guardiao-familia-api,guardiao-familia-api/src/compliance;guardiao-familia-api/src/users;guardiao-familia-api/docs/lgpd;guardiao-familia-api/privacy,"**Objetivo:** API compliance: data export job async worker **Épico:** E-P11 LGPD e compliance produto · **Trilha:** produto · **OKR O2** — Fundação produção: infra AWS, compliance, stores e operação. **Sprint 8** · Repo `guardiao-familia-api` · Baseline `partial` **Evidência código:** commit `4c0102b` — revisar diff como ponto de partida. **Refinamento:** implementação parcial existente — completar gaps e testes.","PR com estrategia, arquivos alterados e duvidas (template 10-agents).",
T-P14-032,API compliance: account deletion cascade order,guardiao-familia-api,guardiao-familia-api/src/compliance;guardiao-familia-api/src/users;guardiao-familia-api/docs/lgpd;guardiao-familia-api/privacy,"**Objetivo:** API compliance: account deletion cascade order **Épico:** E-P11 LGPD e compliance produto · **Trilha:** produto · **OKR O2** — Fundação produção: infra AWS, compliance, stores e operação. **Sprint 8** · Repo `guardiao-familia-api` · Baseline `partial` **Evidência código:** commit `4c0102b` — revisar diff como ponto de partida. **Refinamento:** implementação parcial existente — completar gaps e testes.","PR com estrategia, arquivos alterados e duvidas (template 10-agents).",
T-P05-008,Testes push geofence som customizado,guardiao-familia-parent,guardiao-familia-parent/src/notifications;guardiao-familia-parent/src/devices;guardiao-familia-parent/assets/sounds;guardiao-familia-parent/app.config.js;guardiao-familia-parent/test;guardiao-familia-parent/tests;guardiao-familia-parent/__tests__;guardiao-familia-parent/e2e,"**Objetivo:** Testes push geofence som customizado **Épico:** E-P05 Push notifications nativas · **Trilha:** produto · **OKR O1** — Confiabilidade em tempo real: localização, SOS, push e geofences para pais. **Sprint 3** · Repo `guardiao-familia-parent` · Baseline `todo` **Refinamento:** Feature E2E — alterações em API e/ou apps conforme repo.",Cobertura reproduzível em CI; documentar comando de execução.,
T-P05-010,Documentar matriz som x evento,guardiao-familia-parent,guardiao-familia-parent/src/notifications;guardiao-familia-parent/src/devices;guardiao-familia-parent/assets/sounds;guardiao-familia-parent/app.config.js,"**Objetivo:** Documentar matriz som x evento **Épico:** E-P05 Push notifications nativas · **Trilha:** produto · **OKR O1** — Confiabilidade em tempo real: localização, SOS, push e geofences para pais. **Sprint 3** · Repo `guardiao-familia-parent` · Baseline `todo` **Refinamento:** Feature E2E — alterações em API e/ou apps conforme repo.",Entregável em markdown no repo; linkar no PR.,
T-P12-007,Alertas erro API no dashboard,guardiao-familia-backoffice,guardiao-familia-backoffice/app;guardiao-familia-backoffice/components;guardiao-familia-backoffice/pages/api;guardiao-familia-backoffice/lib;guardiao-familia-backoffice/src/monitoring;guardiao-familia-backoffice/sentry.config.js;guardiao-familia-backoffice/.github/workflows,"**Objetivo:** Alertas erro API no dashboard **Épico:** E-P12 Backoffice operacional release · **Trilha:** produto · **OKR O2** — Fundação produção: infra AWS, compliance, stores e operação. **Sprint 11** · Repo `guardiao-familia-backoffice` · Baseline `partial` **Refinamento:** implementação parcial existente — completar gaps e testes.","PR com estrategia, arquivos alterados e duvidas (template 10-agents).",
T-I06-001,Staging mirror prod config,guardiao-familia-api,guardiao-familia-api/infra/terraform/environments;guardiao-familia-api/docs/runbooks;guardiao-familia-api/.env.example,"**Objetivo:** Staging mirror prod config **Épico:** E-I06 Ambientes staging e produção · **Trilha:** infraestrutura · **OKR O2** — Fundação produção: infra AWS, compliance, stores e operação. **Sprint 12** · Repo `guardiao-familia-api` · Baseline `partial` **Refinamento:** implementação parcial existente — completar gaps e testes.","PR com estrategia, arquivos alterados e duvidas (template 10-agents).",
T-I06-003,Feature flags system-config,guardiao-familia-api,guardiao-familia-api/infra/terraform/environments;guardiao-familia-api/docs/runbooks;guardiao-familia-api/.env.example,"**Objetivo:** Feature flags system-config **Épico:** E-I06 Ambientes staging e produção · **Trilha:** infraestrutura · **OKR O2** — Fundação produção: infra AWS, compliance, stores e operação. **Sprint 12** · Repo `guardiao-familia-api` · Baseline `partial` **Refinamento:** implementação parcial existente — completar gaps e testes.","PR com estrategia, arquivos alterados e duvidas (template 10-agents).",
T-I03-001,CloudWatch logs structured API,guardiao-familia-api,guardiao-familia-api/src/monitoring;guardiao-familia-api/src/metrics;guardiao-familia-api/sentry.config;guardiao-familia-api/.github/workflows,"**Objetivo:** CloudWatch logs structured API **Épico:** E-I03 Observabilidade e alertas · **Trilha:** infraestrutura · **OKR O2** — Fundação produção: infra AWS, compliance, stores e operação. **Sprint 3** · Repo `guardiao-familia-api` · Baseline `partial` **Refinamento:** implementação parcial existente — completar gaps e testes.","PR com estrategia, arquivos alterados e duvidas (template 10-agents).",
T-I03-003,Dashboard Grafana/BO integrado,guardiao-familia-api,guardiao-familia-api/src/monitoring;guardiao-familia-api/src/metrics;guardiao-familia-api/sentry.config;guardiao-familia-api/.github/workflows,"**Objetivo:** Dashboard Grafana/BO integrado **Épico:** E-I03 Observabilidade e alertas · **Trilha:** infraestrutura · **OKR O2** — Fundação produção: infra AWS, compliance, stores e operação. **Sprint 3** · Repo `guardiao-familia-api` · Baseline `partial` **Evidência código:** commit `bf172e8` — revisar diff como ponto de partida. **Refinamento:** implementação parcial existente — completar gaps e testes.","PR com estrategia, arquivos alterados e duvidas (template 10-agents).",
T-P11-001,Fluxos exportação dados titular,guardiao-familia-api,guardiao-familia-api/src/compliance;guardiao-familia-api/src/users;guardiao-familia-api/docs/lgpd,"**Objetivo:** Fluxos exportação dados titular **Épico:** E-P11 LGPD e compliance produto · **Trilha:** produto · **OKR O2** — Fundação produção: infra AWS, compliance, stores e operação. **Sprint 8** · Repo `guardiao-familia-api` · Baseline `partial` **Evidência código:** commit `4c0102b` — revisar diff como ponto de partida. **Refinamento:** implementação parcial existente — completar gaps e testes.","PR com estrategia, arquivos alterados e duvidas (template 10-agents).",
T-P11-002,Fluxos exclusão conta menor,guardiao-familia-api,guardiao-familia-api/src/compliance;guardiao-familia-api/src/users;guardiao-familia-api/docs/lgpd,"**Objetivo:** Fluxos exclusão conta menor **Épico:** E-P11 LGPD e compliance produto · **Trilha:** produto · **OKR O2** — Fundação produção: infra AWS, compliance, stores e operação. **Sprint 8** · Repo `guardiao-familia-api` · Baseline `partial` **Evidência código:** commit `4c0102b` — revisar diff como ponto de partida. **Refinamento:** implementação parcial existente — completar gaps e testes.","PR com estrategia, arquivos alterados e duvidas (template 10-agents).",
T-P11-003,Consentimento parental registrado,guardiao-familia-api,guardiao-familia-api/src/compliance;guardiao-familia-api/src/users;guardiao-familia-api/docs/lgpd,"**Objetivo:** Consentimento parental registrado **Épico:** E-P11 LGPD e compliance produto · **Trilha:** produto · **OKR O2** — Fundação produção: infra AWS, compliance, stores e operação. **Sprint 8** · Repo `guardiao-familia-api` · Baseline `partial` **Refinamento:** implementação parcial existente — completar gaps e testes.","PR com estrategia, arquivos alterados e duvidas (template 10-agents).",
T-P11-007,Parent UI privacy settings,guardiao-familia-api,guardiao-familia-api/src/compliance;guardiao-familia-api/src/users;guardiao-familia-api/docs/lgpd,"**Objetivo:** Parent UI privacy settings **Épico:** E-P11 LGPD e compliance produto · **Trilha:** produto · **OKR O2** — Fundação produção: infra AWS, compliance, stores e operação. **Sprint 8** · Repo `guardiao-familia-api` · Baseline `partial` **Refinamento:** implementação parcial existente — completar gaps e testes.","PR com estrategia, arquivos alterados e duvidas (template 10-agents).",
T-P11-008,Child UI privacy mínima,guardiao-familia-api,guardiao-familia-api/src/compliance;guardiao-familia-api/src/users;guardiao-familia-api/docs/lgpd,"**Objetivo:** Child UI privacy mínima **Épico:** E-P11 LGPD e compliance produto · **Trilha:** produto · **OKR O2** — Fundação produção: infra AWS, compliance, stores e operação. **Sprint 8** · Repo `guardiao-familia-api` · Baseline `partial` **Refinamento:** implementação parcial existente — completar gaps e testes.","PR com estrategia, arquivos alterados e duvidas (template 10-agents).",
T-P11-010,Audit log acesso dados sensíveis,guardiao-familia-api,guardiao-familia-api/src/compliance;guardiao-familia-api/src/users;guardiao-familia-api/docs/lgpd,"**Objetivo:** Audit log acesso dados sensíveis **Épico:** E-P11 LGPD e compliance produto · **Trilha:** produto · **OKR O2** — Fundação produção: infra AWS, compliance, stores e operação. **Sprint 8** · Repo `guardiao-familia-api` · Baseline `partial` **Refinamento:** implementação parcial existente — completar gaps e testes.","PR com estrategia, arquivos alterados e duvidas (template 10-agents).",
T-I05-004,S3 bucket policies SOS audio,guardiao-familia-api,guardiao-familia-api/infra/terraform/waf;guardiao-familia-api/infra/secrets;guardiao-familia-api/src/config;guardiao-familia-api/src/sos;guardiao-familia-api/src/escalation;guardiao-familia-api/components/sos,"**Objetivo:** S3 bucket policies SOS audio **Épico:** E-I05 Segurança, secrets e WAF · **Trilha:** infraestrutura · **OKR O2** — Fundação produção: infra AWS, compliance, stores e operação. **Sprint 4** · Repo `guardiao-familia-api` · Baseline `partial` **Refinamento:** implementação parcial existente — completar gaps e testes.","PR com estrategia, arquivos alterados e duvidas (template 10-agents).",
T-P04-009,Testes E2E SOS com mock push,guardiao-familia-api,guardiao-familia-api/src/sos;guardiao-familia-api/src/escalation;guardiao-familia-api/src/notifications;guardiao-familia-api/src/storage;guardiao-familia-api/test;guardiao-familia-api/tests;guardiao-familia-api/__tests__;guardiao-familia-api/e2e,"**Objetivo:** Testes E2E SOS com mock push **Épico:** E-P04 SOS e emergência · **Trilha:** produto · **OKR O1** — Confiabilidade em tempo real: localização, SOS, push e geofences para pais. **Sprint 5** · Repo `guardiao-familia-api` · Baseline `todo` **Refinamento:** Feature E2E — alterações em API e/ou apps conforme repo.",Cobertura reproduzível em CI; documentar comando de execução.,
T-P04-010,Runbook operacional incidente SOS,guardiao-familia-api,guardiao-familia-api/src/sos;guardiao-familia-api/src/escalation;guardiao-familia-api/src/notifications;guardiao-familia-api/src/storage;guardiao-familia-api/components/sos,"**Objetivo:** Runbook operacional incidente SOS **Épico:** E-P04 SOS e emergência · **Trilha:** produto · **OKR O1** — Confiabilidade em tempo real: localização, SOS, push e geofences para pais. **Sprint 5** · Repo `guardiao-familia-api` · Baseline `todo` **Refinamento:** Feature E2E — alterações em API e/ou apps conforme repo.",Entregável em markdown no repo; linkar no PR.,
T-P03-004,Parent UI criar/editar cerca poligonal,guardiao-familia-api,guardiao-familia-api/src/geofences;guardiao-familia-api/src/notifications;guardiao-familia-api/src/location;guardiao-familia-api/components/geofence,"**Objetivo:** Parent UI criar/editar cerca poligonal **Épico:** E-P03 Geofences e alertas · **Trilha:** produto · **OKR O1** — Confiabilidade em tempo real: localização, SOS, push e geofences para pais. **Sprint 6** · Repo `guardiao-familia-api` · Baseline `todo` **Refinamento:** Feature E2E — alterações em API e/ou apps conforme repo.","PR com estrategia, arquivos alterados e duvidas (template 10-agents).",
T-P03-007,Testes carga geofence 100 cercas/família,guardiao-familia-api,guardiao-familia-api/src/geofences;guardiao-familia-api/src/notifications;guardiao-familia-api/src/location;guardiao-familia-api/test;guardiao-familia-api/tests;guardiao-familia-api/__tests__;guardiao-familia-api/e2e;guardiao-familia-api/components/geofence,"**Objetivo:** Testes carga geofence 100 cercas/família **Épico:** E-P03 Geofences e alertas · **Trilha:** produto · **OKR O1** — Confiabilidade em tempo real: localização, SOS, push e geofences para pais. **Sprint 6** · Repo `guardiao-familia-api` · Baseline `todo` **Refinamento:** Feature E2E — alterações em API e/ou apps conforme repo.",Cobertura reproduzível em CI; documentar comando de execução.,
T-S01-002,Screenshots 6.7 e 5.5 parent,guardiao-familia-parent,guardiao-familia-parent/app.config.js;guardiao-familia-parent/ios;guardiao-familia-parent/eas.json;guardiao-familia-parent/docs/store/apple-parent,"**Objetivo:** Screenshots 6.7 e 5.5 parent **Épico:** E-S01 Apple App Store parent · **Trilha:** stores · **OKR O2** — Fundação produção: infra AWS, compliance, stores e operação. **Sprint 11** · Repo `guardiao-familia-parent` · Baseline `todo` **Refinamento:** Publicação App Store / Google Play — versões, review notes, checklist.","PR com estrategia, arquivos alterados e duvidas (template 10-agents).",
T-S02-002,Screenshots child,guardiao-familia-child,guardiao-familia-child/app.config.js;guardiao-familia-child/ios;guardiao-familia-child/eas.json;guardiao-familia-child/docs/store/apple-child,"**Objetivo:** Screenshots child **Épico:** E-S02 Apple App Store child · **Trilha:** stores · **OKR O2** — Fundação produção: infra AWS, compliance, stores e operação. **Sprint 11** · Repo `guardiao-familia-child` · Baseline `todo` **Refinamento:** Publicação App Store / Google Play — versões, review notes, checklist.","PR com estrategia, arquivos alterados e duvidas (template 10-agents).",
T-S06-001,Apple: export compliance encryption doc,guardiao-familia-parent,guardiao-familia-parent/app.config.js;guardiao-familia-parent/ios;guardiao-familia-parent/eas.json;guardiao-familia-parent/docs/store/apple-parent;guardiao-familia-parent/src/compliance;guardiao-familia-parent/docs/lgpd;guardiao-familia-parent/privacy,"**Objetivo:** Apple: export compliance encryption doc **Épico:** E-S01 Apple App Store parent · **Trilha:** stores · **OKR O2** — Fundação produção: infra AWS, compliance, stores e operação. **Sprint 11** · Repo `guardiao-familia-parent` · Baseline `todo` **Refinamento:** Publicação App Store / Google Play — versões, review notes, checklist.","PR com estrategia, arquivos alterados e duvidas (template 10-agents).",
T-S06-002,Apple: age rating 4+ questionnaire,guardiao-familia-parent,guardiao-familia-parent/app.config.js;guardiao-familia-parent/ios;guardiao-familia-parent/eas.json;guardiao-familia-parent/docs/store/apple-parent,"**Objetivo:** Apple: age rating 4+ questionnaire **Épico:** E-S01 Apple App Store parent · **Trilha:** stores · **OKR O2** — Fundação produção: infra AWS, compliance, stores e operação. **Sprint 11** · Repo `guardiao-familia-parent` · Baseline `todo` **Refinamento:** Publicação App Store / Google Play — versões, review notes, checklist.","PR com estrategia, arquivos alterados e duvidas (template 10-agents).",
T-S06-003,Apple child: COPPA parental consent copy,guardiao-familia-parent,guardiao-familia-parent/app.config.js;guardiao-familia-parent/ios;guardiao-familia-parent/eas.json;guardiao-familia-parent/docs/store/apple-child,"**Objetivo:** Apple child: COPPA parental consent copy **Épico:** E-S02 Apple App Store child · **Trilha:** stores · **OKR O2** — Fundação produção: infra AWS, compliance, stores e operação. **Sprint 11** · Repo `guardiao-familia-parent` · Baseline `todo` **Refinamento:** Publicação App Store / Google Play — versões, review notes, checklist.","PR com estrategia, arquivos alterados e duvidas (template 10-agents).",
T-S06-004,Google: target API level 34 parent,guardiao-familia-parent,guardiao-familia-parent/app.config.js;guardiao-familia-parent/android;guardiao-familia-parent/eas.json;guardiao-familia-parent/docs/store/google-parent,"**Objetivo:** Google: target API level 34 parent **Épico:** E-S03 Google Play parent · **Trilha:** stores · **OKR O2** — Fundação produção: infra AWS, compliance, stores e operação. **Sprint 12** · Repo `guardiao-familia-parent` · Baseline `todo` **Refinamento:** Publicação App Store / Google Play — versões, review notes, checklist.","PR com estrategia, arquivos alterados e duvidas (template 10-agents).",
T-S06-005,Google: target API level 34 child,guardiao-familia-child,guardiao-familia-child/app.config.js;guardiao-familia-child/android;guardiao-familia-child/eas.json;guardiao-familia-child/docs/store/google-child,"**Objetivo:** Google: target API level 34 child **Épico:** E-S04 Google Play child · **Trilha:** stores · **OKR O2** — Fundação produção: infra AWS, compliance, stores e operação. **Sprint 12** · Repo `guardiao-familia-child` · Baseline `todo` **Refinamento:** Publicação App Store / Google Play — versões, review notes, checklist.","PR com estrategia, arquivos alterados e duvidas (template 10-agents).",
T-S06-006,Google: in-app permissions declaration,guardiao-familia-parent,guardiao-familia-parent/app.config.js;guardiao-familia-parent/android;guardiao-familia-parent/eas.json;guardiao-familia-parent/docs/store/google-parent,"**Objetivo:** Google: in-app permissions declaration **Épico:** E-S03 Google Play parent · **Trilha:** stores · **OKR O2** — Fundação produção: infra AWS, compliance, stores e operação. **Sprint 12** · Repo `guardiao-familia-parent` · Baseline `todo` **Refinamento:** Publicação App Store / Google Play — versões, review notes, checklist.","PR com estrategia, arquivos alterados e duvidas (template 10-agents).",
T-S06-007,Google: designed for families program,guardiao-familia-child,guardiao-familia-child/app.config.js;guardiao-familia-child/android;guardiao-familia-child/eas.json;guardiao-familia-child/docs/store/google-child,"**Objetivo:** Google: designed for families program **Épico:** E-S04 Google Play child · **Trilha:** stores · **OKR O2** — Fundação produção: infra AWS, compliance, stores e operação. **Sprint 12** · Repo `guardiao-familia-child` · Baseline `todo` **Refinamento:** Publicação App Store / Google Play — versões, review notes, checklist.","PR com estrategia, arquivos alterados e duvidas (template 10-agents).",
T-S03-001,Play Console listing parent,guardiao-familia-parent,guardiao-familia-parent/app.config.js;guardiao-familia-parent/android;guardiao-familia-parent/eas.json;guardiao-familia-parent/docs/store/google-parent,"**Objetivo:** Play Console listing parent **Épico:** E-S03 Google Play parent · **Trilha:** stores · **OKR O2** — Fundação produção: infra AWS, compliance, stores e operação. **Sprint 12** · Repo `guardiao-familia-parent` · Baseline `todo` **Refinamento:** Publicação App Store / Google Play — versões, review notes, checklist.","PR com estrategia, arquivos alterados e duvidas (template 10-agents).",
T-S03-002,Data safety form parent,guardiao-familia-parent,guardiao-familia-parent/app.config.js;guardiao-familia-parent/android;guardiao-familia-parent/eas.json;guardiao-familia-parent/docs/store/google-parent,"**Objetivo:** Data safety form parent **Épico:** E-S03 Google Play parent · **Trilha:** stores · **OKR O2** — Fundação produção: infra AWS, compliance, stores e operação. **Sprint 12** · Repo `guardiao-familia-parent` · Baseline `todo` **Refinamento:** Publicação App Store / Google Play — versões, review notes, checklist.","PR com estrategia, arquivos alterados e duvidas (template 10-agents).",
T-S03-003,Content rating questionnaire,guardiao-familia-parent,guardiao-familia-parent/app.config.js;guardiao-familia-parent/android;guardiao-familia-parent/eas.json;guardiao-familia-parent/docs/store/google-parent,"**Objetivo:** Content rating questionnaire **Épico:** E-S03 Google Play parent · **Trilha:** stores · **OKR O2** — Fundação produção: infra AWS, compliance, stores e operação. **Sprint 12** · Repo `guardiao-familia-parent` · Baseline `todo` **Refinamento:** Publicação App Store / Google Play — versões, review notes, checklist.","PR com estrategia, arquivos alterados e duvidas (template 10-agents).",
T-S03-004,Internal testing track parent,guardiao-familia-parent,guardiao-familia-parent/app.config.js;guardiao-familia-parent/android;guardiao-familia-parent/eas.json;guardiao-familia-parent/docs/store/google-parent;guardiao-familia-parent/test;guardiao-familia-parent/tests;guardiao-familia-parent/__tests__;guardiao-familia-parent/e2e,"**Objetivo:** Internal testing track parent **Épico:** E-S03 Google Play parent · **Trilha:** stores · **OKR O2** — Fundação produção: infra AWS, compliance, stores e operação. **Sprint 12** · Repo `guardiao-familia-parent` · Baseline `todo` **Refinamento:** Publicação App Store / Google Play — versões, review notes, checklist.","PR com estrategia, arquivos alterados e duvidas (template 10-agents).",
T-S04-001,Play listing child designed for families,guardiao-familia-child,guardiao-familia-child/app.config.js;guardiao-familia-child/android;guardiao-familia-child/eas.json;guardiao-familia-child/docs/store/google-child,"**Objetivo:** Play listing child designed for families **Épico:** E-S04 Google Play child · **Trilha:** stores · **OKR O2** — Fundação produção: infra AWS, compliance, stores e operação. **Sprint 12** · Repo `guardiao-familia-child` · Baseline `todo` **Refinamento:** Publicação App Store / Google Play — versões, review notes, checklist.","PR com estrategia, arquivos alterados e duvidas (template 10-agents).",
T-S04-002,Data safety child location,guardiao-familia-child,guardiao-familia-child/app.config.js;guardiao-familia-child/android;guardiao-familia-child/eas.json;guardiao-familia-child/docs/store/google-child;guardiao-familia-child/src/location;guardiao-familia-child/src/maps;guardiao-familia-child/components/map;guardiao-familia-child/services/location,"**Objetivo:** Data safety child location **Épico:** E-S04 Google Play child · **Trilha:** stores · **OKR O2** — Fundação produção: infra AWS, compliance, stores e operação. **Sprint 12** · Repo `guardiao-familia-child` · Baseline `todo` **Refinamento:** Publicação App Store / Google Play — versões, review notes, checklist.","PR com estrategia, arquivos alterados e duvidas (template 10-agents).",
T-S04-004,Internal testing child,guardiao-familia-child,guardiao-familia-child/app.config.js;guardiao-familia-child/android;guardiao-familia-child/eas.json;guardiao-familia-child/docs/store/google-child;guardiao-familia-child/test;guardiao-familia-child/tests;guardiao-familia-child/__tests__;guardiao-familia-child/e2e,"**Objetivo:** Internal testing child **Épico:** E-S04 Google Play child · **Trilha:** stores · **OKR O2** — Fundação produção: infra AWS, compliance, stores e operação. **Sprint 12** · Repo `guardiao-familia-child` · Baseline `todo` **Refinamento:** Publicação App Store / Google Play — versões, review notes, checklist.","PR com estrategia, arquivos alterados e duvidas (template 10-agents).",
T-I02-010,Smoke test pós-deploy API,guardiao-familia-api,guardiao-familia-api/.github/workflows;guardiao-familia-api/scripts/deploy;guardiao-familia-api/eas.json;guardiao-familia-api/scripts/ci;guardiao-familia-api/test;guardiao-familia-api/tests;guardiao-familia-api/__tests__;guardiao-familia-api/e2e,"**Objetivo:** Smoke test pós-deploy API **Épico:** E-I02 CI/CD multi-repo · **Trilha:** infraestrutura · **OKR O2** — Fundação produção: infra AWS, compliance, stores e operação. **Sprint 2** · Repo `guardiao-familia-api` · Baseline `todo` **Refinamento:** AWS, CI/CD, banco, observabilidade — priorizar IaC e runbooks.","PR com estrategia, arquivos alterados e duvidas (template 10-agents).",
T-S05-002,Beta fechado 100 famílias,guardiao-familia-api,guardiao-familia-api/docs/release;guardiao-familia-api/CHANGELOG.md;guardiao-familia-api/.github/workflows/release,"**Objetivo:** Beta fechado 100 famílias **Épico:** E-S05 Coordenação release e beta · **Trilha:** stores · **OKR O2** — Fundação produção: infra AWS, compliance, stores e operação. **Sprint 13** · Repo `guardiao-familia-api` · Baseline `todo` **Refinamento:** Publicação App Store / Google Play — versões, review notes, checklist.","PR com estrategia, arquivos alterados e duvidas (template 10-agents).",
T-S05-003,Beta aberto child polish gate,guardiao-familia-api,guardiao-familia-api/docs/release;guardiao-familia-api/CHANGELOG.md;guardiao-familia-api/.github/workflows/release,"**Objetivo:** Beta aberto child polish gate **Épico:** E-S05 Coordenação release e beta · **Trilha:** stores · **OKR O2** — Fundação produção: infra AWS, compliance, stores e operação. **Sprint 13** · Repo `guardiao-familia-api` · Baseline `todo` **Refinamento:** Publicação App Store / Google Play — versões, review notes, checklist.","PR com estrategia, arquivos alterados e duvidas (template 10-agents).",
T-S05-004,Comunicado lançamento site+campanha,guardiao-familia-api,guardiao-familia-api/docs/release;guardiao-familia-api/CHANGELOG.md;guardiao-familia-api/.github/workflows/release;guardiao-familia-api/chatbot;guardiao-familia-api/public;guardiao-familia-api/index.html,"**Objetivo:** Comunicado lançamento site+campanha **Épico:** E-S05 Coordenação release e beta · **Trilha:** stores · **OKR O2** — Fundação produção: infra AWS, compliance, stores e operação. **Sprint 13** · Repo `guardiao-familia-api` · Baseline `todo` **Refinamento:** Publicação App Store / Google Play — versões, review notes, checklist.","PR com estrategia, arquivos alterados e duvidas (template 10-agents).",
T-S05-005,Monitoramento 72h pós-release,guardiao-familia-api,guardiao-familia-api/docs/release;guardiao-familia-api/CHANGELOG.md;guardiao-familia-api/.github/workflows/release;guardiao-familia-api/eas.json;guardiao-familia-api/app.config.js;guardiao-familia-api/docs/store;guardiao-familia-api/fastlane;guardiao-familia-api/src/monitoring,"**Objetivo:** Monitoramento 72h pós-release **Épico:** E-S05 Coordenação release e beta · **Trilha:** stores · **OKR O2** — Fundação produção: infra AWS, compliance, stores e operação. **Sprint 13** · Repo `guardiao-familia-api` · Baseline `todo` **Refinamento:** Publicação App Store / Google Play — versões, review notes, checklist.","PR com estrategia, arquivos alterados e duvidas (template 10-agents).",
T-S05-006,Retrospectiva e backlog v2,guardiao-familia-api,guardiao-familia-api/docs/release;guardiao-familia-api/CHANGELOG.md;guardiao-familia-api/.github/workflows/release;guardiao-familia-api/test;guardiao-familia-api/tests;guardiao-familia-api/__tests__;guardiao-familia-api/e2e,"**Objetivo:** Retrospectiva e backlog v2 **Épico:** E-S05 Coordenação release e beta · **Trilha:** stores · **OKR O2** — Fundação produção: infra AWS, compliance, stores e operação. **Sprint 13** · Repo `guardiao-familia-api` · Baseline `todo` **Refinamento:** Publicação App Store / Google Play — versões, review notes, checklist.","PR com estrategia, arquivos alterados e duvidas (template 10-agents).",
T-P12-006,Runbook suporte release,guardiao-familia-backoffice,guardiao-familia-backoffice/app;guardiao-familia-backoffice/components;guardiao-familia-backoffice/pages/api;guardiao-familia-backoffice/lib;guardiao-familia-backoffice/eas.json;guardiao-familia-backoffice/app.config.js;guardiao-familia-backoffice/docs/store;guardiao-familia-backoffice/fastlane,"**Objetivo:** Runbook suporte release **Épico:** E-P12 Backoffice operacional release · **Trilha:** produto · **OKR O2** — Fundação produção: infra AWS, compliance, stores e operação. **Sprint 11** · Repo `guardiao-familia-backoffice` · Baseline `todo` **Refinamento:** Feature E2E — alterações em API e/ou apps conforme repo.",Entregável em markdown no repo; linkar no PR.,
T-P12-008,Moderação mínima tickets SOS,guardiao-familia-backoffice,guardiao-familia-backoffice/app;guardiao-familia-backoffice/components;guardiao-familia-backoffice/pages/api;guardiao-familia-backoffice/lib;guardiao-familia-backoffice/src/sos;guardiao-familia-backoffice/src/escalation;guardiao-familia-backoffice/components/sos,"**Objetivo:** Moderação mínima tickets SOS **Épico:** E-P12 Backoffice operacional release · **Trilha:** produto · **OKR O2** — Fundação produção: infra AWS, compliance, stores e operação. **Sprint 11** · Repo `guardiao-familia-backoffice` · Baseline `todo` **Refinamento:** Feature E2E — alterações em API e/ou apps conforme repo.","PR com estrategia, arquivos alterados e duvidas (template 10-agents).",
T-I06-004,Rollback procedure documentado,guardiao-familia-api,guardiao-familia-api/infra/terraform/environments;guardiao-familia-api/docs/runbooks;guardiao-familia-api/.env.example,"**Objetivo:** Rollback procedure documentado **Épico:** E-I06 Ambientes staging e produção · **Trilha:** infraestrutura · **OKR O2** — Fundação produção: infra AWS, compliance, stores e operação. **Sprint 12** · Repo `guardiao-familia-api` · Baseline `todo` **Refinamento:** AWS, CI/CD, banco, observabilidade — priorizar IaC e runbooks.",Entregável em markdown no repo; linkar no PR.,
T-I06-005,Load test staging 1k famílias,guardiao-familia-api,guardiao-familia-api/infra/terraform/environments;guardiao-familia-api/docs/runbooks;guardiao-familia-api/.env.example;guardiao-familia-api/test;guardiao-familia-api/tests;guardiao-familia-api/__tests__;guardiao-familia-api/e2e,"**Objetivo:** Load test staging 1k famílias **Épico:** E-I06 Ambientes staging e produção · **Trilha:** infraestrutura · **OKR O2** — Fundação produção: infra AWS, compliance, stores e operação. **Sprint 12** · Repo `guardiao-familia-api` · Baseline `todo` **Refinamento:** AWS, CI/CD, banco, observabilidade — priorizar IaC e runbooks.","PR com estrategia, arquivos alterados e duvidas (template 10-agents).",
T-I03-002,Metrics custom SOS latency,guardiao-familia-api,guardiao-familia-api/src/monitoring;guardiao-familia-api/src/metrics;guardiao-familia-api/sentry.config;guardiao-familia-api/.github/workflows;guardiao-familia-api/src/sos;guardiao-familia-api/src/escalation;guardiao-familia-api/components/sos,"**Objetivo:** Metrics custom SOS latency **Épico:** E-I03 Observabilidade e alertas · **Trilha:** infraestrutura · **OKR O2** — Fundação produção: infra AWS, compliance, stores e operação. **Sprint 3** · Repo `guardiao-familia-api` · Baseline `todo` **Refinamento:** AWS, CI/CD, banco, observabilidade — priorizar IaC e runbooks.","PR com estrategia, arquivos alterados e duvidas (template 10-agents).",
T-I03-004,Alertas PagerDuty/on-call,guardiao-familia-api,guardiao-familia-api/src/monitoring;guardiao-familia-api/src/metrics;guardiao-familia-api/sentry.config;guardiao-familia-api/.github/workflows;guardiao-familia-api/sentry.config.js,"**Objetivo:** Alertas PagerDuty/on-call **Épico:** E-I03 Observabilidade e alertas · **Trilha:** infraestrutura · **OKR O2** — Fundação produção: infra AWS, compliance, stores e operação. **Sprint 3** · Repo `guardiao-familia-api` · Baseline `todo` **Refinamento:** AWS, CI/CD, banco, observabilidade — priorizar IaC e runbooks.","PR com estrategia, arquivos alterados e duvidas (template 10-agents).",
T-I03-005,Tracing OpenTelemetry API,guardiao-familia-api,guardiao-familia-api/src/monitoring;guardiao-familia-api/src/metrics;guardiao-familia-api/sentry.config;guardiao-familia-api/.github/workflows,"**Objetivo:** Tracing OpenTelemetry API **Épico:** E-I03 Observabilidade e alertas · **Trilha:** infraestrutura · **OKR O2** — Fundação produção: infra AWS, compliance, stores e operação. **Sprint 3** · Repo `guardiao-familia-api` · Baseline `todo` **Refinamento:** AWS, CI/CD, banco, observabilidade — priorizar IaC e runbooks.","PR com estrategia, arquivos alterados e duvidas (template 10-agents).",
T-I03-006,SLO error rate API 99.5%,guardiao-familia-api,guardiao-familia-api/src/monitoring;guardiao-familia-api/src/metrics;guardiao-familia-api/sentry.config;guardiao-familia-api/.github/workflows,"**Objetivo:** SLO error rate API 99.5% **Épico:** E-I03 Observabilidade e alertas · **Trilha:** infraestrutura · **OKR O2** — Fundação produção: infra AWS, compliance, stores e operação. **Sprint 3** · Repo `guardiao-familia-api` · Baseline `todo` **Refinamento:** AWS, CI/CD, banco, observabilidade — priorizar IaC e runbooks.","PR com estrategia, arquivos alterados e duvidas (template 10-agents).",
T-P11-004,Atualizar RIPD com SOS áudio,guardiao-familia-api,guardiao-familia-api/src/compliance;guardiao-familia-api/src/users;guardiao-familia-api/docs/lgpd;guardiao-familia-api/src/sos;guardiao-familia-api/src/escalation;guardiao-familia-api/components/sos,"**Objetivo:** Atualizar RIPD com SOS áudio **Épico:** E-P11 LGPD e compliance produto · **Trilha:** produto · **OKR O2** — Fundação produção: infra AWS, compliance, stores e operação. **Sprint 8** · Repo `guardiao-familia-api` · Baseline `todo` **Refinamento:** Feature E2E — alterações em API e/ou apps conforme repo.","PR com estrategia, arquivos alterados e duvidas (template 10-agents).",
T-P11-005,Atualizar ROPA localização contínua,guardiao-familia-api,guardiao-familia-api/src/compliance;guardiao-familia-api/src/users;guardiao-familia-api/docs/lgpd,"**Objetivo:** Atualizar ROPA localização contínua **Épico:** E-P11 LGPD e compliance produto · **Trilha:** produto · **OKR O2** — Fundação produção: infra AWS, compliance, stores e operação. **Sprint 8** · Repo `guardiao-familia-api` · Baseline `todo` **Refinamento:** Feature E2E — alterações em API e/ou apps conforme repo.","PR com estrategia, arquivos alterados e duvidas (template 10-agents).",
T-P11-006,Incident response drill Q3,guardiao-familia-api,guardiao-familia-api/src/compliance;guardiao-familia-api/src/users;guardiao-familia-api/docs/lgpd,"**Objetivo:** Incident response drill Q3 **Épico:** E-P11 LGPD e compliance produto · **Trilha:** produto · **OKR O2** — Fundação produção: infra AWS, compliance, stores e operação. **Sprint 8** · Repo `guardiao-familia-api` · Baseline `todo` **Refinamento:** Feature E2E — alterações em API e/ou apps conforme repo.","PR com estrategia, arquivos alterados e duvidas (template 10-agents).",
T-I05-001,WAF ALB rules OWASP,guardiao-familia-api,guardiao-familia-api/infra/terraform/waf;guardiao-familia-api/infra/secrets;guardiao-familia-api/src/config;guardiao-familia-api/infra/terraform;guardiao-familia-api/terraform/modules,"**Objetivo:** WAF ALB rules OWASP **Épico:** E-I05 Segurança, secrets e WAF · **Trilha:** infraestrutura · **OKR O2** — Fundação produção: infra AWS, compliance, stores e operação. **Sprint 4** · Repo `guardiao-familia-api` · Baseline `todo` **Refinamento:** AWS, CI/CD, banco, observabilidade — priorizar IaC e runbooks.","PR com estrategia, arquivos alterados e duvidas (template 10-agents).",
T-I05-002,Rotate secrets quarterly,guardiao-familia-api,guardiao-familia-api/infra/terraform/waf;guardiao-familia-api/infra/secrets;guardiao-familia-api/src/config;guardiao-familia-api/infra/terraform;guardiao-familia-api/terraform/modules;guardiao-familia-api/src/location;guardiao-familia-api/src/maps;guardiao-familia-api/components/map,"**Objetivo:** Rotate secrets quarterly **Épico:** E-I05 Segurança, secrets e WAF · **Trilha:** infraestrutura · **OKR O2** — Fundação produção: infra AWS, compliance, stores e operação. **Sprint 4** · Repo `guardiao-familia-api` · Baseline `todo` **Refinamento:** AWS, CI/CD, banco, observabilidade — priorizar IaC e runbooks.","PR com estrategia, arquivos alterados e duvidas (template 10-agents).",
T-I05-003,IAM least privilege ECS tasks,guardiao-familia-api,guardiao-familia-api/infra/terraform/waf;guardiao-familia-api/infra/secrets;guardiao-familia-api/src/config;guardiao-familia-api/infra/terraform;guardiao-familia-api/terraform/modules,"**Objetivo:** IAM least privilege ECS tasks **Épico:** E-I05 Segurança, secrets e WAF · **Trilha:** infraestrutura · **OKR O2** — Fundação produção: infra AWS, compliance, stores e operação. **Sprint 4** · Repo `guardiao-familia-api` · Baseline `todo` **Refinamento:** AWS, CI/CD, banco, observabilidade — priorizar IaC e runbooks.","PR com estrategia, arquivos alterados e duvidas (template 10-agents).",
T-I07-001,Infra: NAT Gateway HA cost review,guardiao-familia-api,guardiao-familia-api/infra/terraform;guardiao-familia-api/terraform/ecs;guardiao-familia-api/docker;guardiao-familia-api/docs/runbooks,"**Objetivo:** Infra: NAT Gateway HA cost review **Épico:** E-I01 AWS ECS Fargate foundation · **Trilha:** infraestrutura · **OKR O2** — Fundação produção: infra AWS, compliance, stores e operação. **Sprint 1** · Repo `guardiao-familia-api` · Baseline `todo` **Refinamento:** AWS, CI/CD, banco, observabilidade — priorizar IaC e runbooks.","PR com estrategia, arquivos alterados e duvidas (template 10-agents).",
T-I07-002,Infra: Fargate Spot mix staging,guardiao-familia-api,guardiao-familia-api/infra/terraform;guardiao-familia-api/terraform/ecs;guardiao-familia-api/docker;guardiao-familia-api/docs/runbooks;guardiao-familia-api/terraform/modules,"**Objetivo:** Infra: Fargate Spot mix staging **Épico:** E-I01 AWS ECS Fargate foundation · **Trilha:** infraestrutura · **OKR O2** — Fundação produção: infra AWS, compliance, stores e operação. **Sprint 1** · Repo `guardiao-familia-api` · Baseline `todo` **Refinamento:** AWS, CI/CD, banco, observabilidade — priorizar IaC e runbooks.","PR com estrategia, arquivos alterados e duvidas (template 10-agents).",
T-I07-003,Infra: OIDC GitHub Actions AWS role,guardiao-familia-api,guardiao-familia-api/.github/workflows;guardiao-familia-api/scripts/deploy;guardiao-familia-api/eas.json;guardiao-familia-api/scripts/ci,"**Objetivo:** Infra: OIDC GitHub Actions AWS role **Épico:** E-I02 CI/CD multi-repo · **Trilha:** infraestrutura · **OKR O2** — Fundação produção: infra AWS, compliance, stores e operação. **Sprint 2** · Repo `guardiao-familia-api` · Baseline `todo` **Refinamento:** AWS, CI/CD, banco, observabilidade — priorizar IaC e runbooks.","PR com estrategia, arquivos alterados e duvidas (template 10-agents).",
T-I07-004,Infra: Branch protection rules 6 repos,guardiao-familia-api,guardiao-familia-api/.github/workflows;guardiao-familia-api/scripts/deploy;guardiao-familia-api/eas.json,"**Objetivo:** Infra: Branch protection rules 6 repos **Épico:** E-I02 CI/CD multi-repo · **Trilha:** infraestrutura · **OKR O2** — Fundação produção: infra AWS, compliance, stores e operação. **Sprint 2** · Repo `guardiao-familia-api` · Baseline `todo` **Refinamento:** AWS, CI/CD, banco, observabilidade — priorizar IaC e runbooks.","PR com estrategia, arquivos alterados e duvidas (template 10-agents).",
T-I07-005,Infra: Log retention 90d compliance,guardiao-familia-api,guardiao-familia-api/src/monitoring;guardiao-familia-api/src/metrics;guardiao-familia-api/sentry.config;guardiao-familia-api/.github/workflows;guardiao-familia-api/src/compliance;guardiao-familia-api/docs/lgpd;guardiao-familia-api/privacy,"**Objetivo:** Infra: Log retention 90d compliance **Épico:** E-I03 Observabilidade e alertas · **Trilha:** infraestrutura · **OKR O2** — Fundação produção: infra AWS, compliance, stores e operação. **Sprint 3** · Repo `guardiao-familia-api` · Baseline `todo` **Refinamento:** AWS, CI/CD, banco, observabilidade — priorizar IaC e runbooks.","PR com estrategia, arquivos alterados e duvidas (template 10-agents).",
T-I07-006,Infra: Connection pool tuning API,guardiao-familia-api,guardiao-familia-api/src/migrations;guardiao-familia-api/src/database;guardiao-familia-api/prisma;guardiao-familia-api/docker-compose.yml,"**Objetivo:** Infra: Connection pool tuning API **Épico:** E-I04 PostgreSQL, Redis e migrations · **Trilha:** infraestrutura · **OKR O2** — Fundação produção: infra AWS, compliance, stores e operação. **Sprint 2** · Repo `guardiao-familia-api` · Baseline `todo` **Refinamento:** AWS, CI/CD, banco, observabilidade — priorizar IaC e runbooks.","PR com estrategia, arquivos alterados e duvidas (template 10-agents).",
T-I07-007,Infra: Security group least ingress,guardiao-familia-api,guardiao-familia-api/infra/terraform/waf;guardiao-familia-api/infra/secrets;guardiao-familia-api/src/config,"**Objetivo:** Infra: Security group least ingress **Épico:** E-I05 Segurança, secrets e WAF · **Trilha:** infraestrutura · **OKR O2** — Fundação produção: infra AWS, compliance, stores e operação. **Sprint 4** · Repo `guardiao-familia-api` · Baseline `todo` **Refinamento:** AWS, CI/CD, banco, observabilidade — priorizar IaC e runbooks.","PR com estrategia, arquivos alterados e duvidas (template 10-agents).",
T-I07-008,Infra: Blue/green deploy ECS eval,guardiao-familia-api,guardiao-familia-api/infra/terraform/environments;guardiao-familia-api/docs/runbooks;guardiao-familia-api/.env.example;guardiao-familia-api/infra/terraform;guardiao-familia-api/terraform/modules;guardiao-familia-api/.github/workflows;guardiao-familia-api/scripts/ci,"**Objetivo:** Infra: Blue/green deploy ECS eval **Épico:** E-I06 Ambientes staging e produção · **Trilha:** infraestrutura · **OKR O2** — Fundação produção: infra AWS, compliance, stores e operação. **Sprint 12** · Repo `guardiao-familia-api` · Baseline `todo` **Refinamento:** AWS, CI/CD, banco, observabilidade — priorizar IaC e runbooks.","PR com estrategia, arquivos alterados e duvidas (template 10-agents).",
T-P10-007,SOS button acessível,guardiao-familia-child,guardiao-familia-child/app;guardiao-familia-child/components;guardiao-familia-child/hooks;guardiao-familia-child/services/api;guardiao-familia-child/src/sos;guardiao-familia-child/src/escalation;guardiao-familia-child/components/sos,"**Objetivo:** SOS button acessível **Épico:** E-P10 App child — UX e estabilidade · **Trilha:** produto · **OKR O3** — Experiência familiar: auth, tempo de tela, gamificação e engajamento. **Sprint 9** · Repo `guardiao-familia-child` · Baseline `partial` **Refinamento:** implementação parcial existente — completar gaps e testes.","PR com estrategia, arquivos alterados e duvidas (template 10-agents).",
T-P10-009,Tutorial primeiro uso child,guardiao-familia-child,guardiao-familia-child/app;guardiao-familia-child/components;guardiao-familia-child/hooks;guardiao-familia-child/services/api,"**Objetivo:** Tutorial primeiro uso child **Épico:** E-P10 App child — UX e estabilidade · **Trilha:** produto · **OKR O3** — Experiência familiar: auth, tempo de tela, gamificação e engajamento. **Sprint 9** · Repo `guardiao-familia-child` · Baseline `partial` **Refinamento:** implementação parcial existente — completar gaps e testes.","PR com estrategia, arquivos alterados e duvidas (template 10-agents).",
T-P01-001,Revisar fluxo login parent refresh token persistente,guardiao-familia-api,guardiao-familia-api/src/auth;guardiao-familia-api/src/users;guardiao-familia-api/src/devices;guardiao-familia-api/src/pairing;guardiao-familia-api/src/families;guardiao-familia-api/services/auth;guardiao-familia-api/contexts/AuthContext,"**Objetivo:** Revisar fluxo login parent refresh token persistente **Épico:** E-P01 Auth, sessão e pareamento · **Trilha:** produto · **OKR O3** — Experiência familiar: auth, tempo de tela, gamificação e engajamento. **Sprint 2** · Repo `guardiao-familia-api` · Baseline `partial` **Evidência código:** commit `b535706` — revisar diff como ponto de partida. **Refinamento:** implementação parcial existente — completar gaps e testes.","PR com estrategia, arquivos alterados e duvidas (template 10-agents).",
T-P01-002,Revisar fluxo login child remember device,guardiao-familia-api,guardiao-familia-api/src/auth;guardiao-familia-api/src/users;guardiao-familia-api/src/devices;guardiao-familia-api/src/pairing;guardiao-familia-api/src/families;guardiao-familia-api/services/auth;guardiao-familia-api/contexts/AuthContext,"**Objetivo:** Revisar fluxo login child remember device **Épico:** E-P01 Auth, sessão e pareamento · **Trilha:** produto · **OKR O3** — Experiência familiar: auth, tempo de tela, gamificação e engajamento. **Sprint 2** · Repo `guardiao-familia-api` · Baseline `partial` **Evidência código:** commit `26c519e` — revisar diff como ponto de partida. **Refinamento:** implementação parcial existente — completar gaps e testes.","PR com estrategia, arquivos alterados e duvidas (template 10-agents).",
T-P01-005,Documentar política supersession device,guardiao-familia-api,guardiao-familia-api/src/auth;guardiao-familia-api/src/users;guardiao-familia-api/src/devices;guardiao-familia-api/src/pairing;guardiao-familia-api/src/families;guardiao-familia-api/services/auth;guardiao-familia-api/contexts/AuthContext,"**Objetivo:** Documentar política supersession device **Épico:** E-P01 Auth, sessão e pareamento · **Trilha:** produto · **OKR O3** — Experiência familiar: auth, tempo de tela, gamificação e engajamento. **Sprint 2** · Repo `guardiao-familia-api` · Baseline `partial` **Evidência código:** commit `f39c9c6` — revisar diff como ponto de partida. **Refinamento:** implementação parcial existente — completar gaps e testes.",Entregável em markdown no repo; linkar no PR.,
T-P01-008,Fluxo recuperação conta responsável,guardiao-familia-api,guardiao-familia-api/src/auth;guardiao-familia-api/src/users;guardiao-familia-api/src/devices;guardiao-familia-api/src/pairing;guardiao-familia-api/src/families,"**Objetivo:** Fluxo recuperação conta responsável **Épico:** E-P01 Auth, sessão e pareamento · **Trilha:** produto · **OKR O3** — Experiência familiar: auth, tempo de tela, gamificação e engajamento. **Sprint 2** · Repo `guardiao-familia-api` · Baseline `partial` **Refinamento:** implementação parcial existente — completar gaps e testes.","PR com estrategia, arquivos alterados e duvidas (template 10-agents).",
T-P01-009,Validar onboarding profile API + parent,guardiao-familia-api,guardiao-familia-api/src/auth;guardiao-familia-api/src/users;guardiao-familia-api/src/devices;guardiao-familia-api/src/pairing;guardiao-familia-api/src/families,"**Objetivo:** Validar onboarding profile API + parent **Épico:** E-P01 Auth, sessão e pareamento · **Trilha:** produto · **OKR O3** — Experiência familiar: auth, tempo de tela, gamificação e engajamento. **Sprint 2** · Repo `guardiao-familia-api` · Baseline `partial` **Refinamento:** implementação parcial existente — completar gaps e testes.","PR com estrategia, arquivos alterados e duvidas (template 10-agents).",
T-P14-001,API notifications: push token register/unregister,guardiao-familia-api,guardiao-familia-api/src/notifications;guardiao-familia-api/src/devices;guardiao-familia-api/assets/sounds;guardiao-familia-api/app.config.js;guardiao-familia-api/services/push;guardiao-familia-api/src/auth;guardiao-familia-api/services/auth;guardiao-familia-api/contexts/AuthContext,"**Objetivo:** API notifications: push token register/unregister **Épico:** E-P05 Push notifications nativas · **Trilha:** produto · **OKR O3** — Experiência familiar: auth, tempo de tela, gamificação e engajamento. **Sprint 6** · Repo `guardiao-familia-api` · Baseline `partial` **Refinamento:** implementação parcial existente — completar gaps e testes.","PR com estrategia, arquivos alterados e duvidas (template 10-agents).",
T-P14-002,API realtime: websocket gateway reconnect policy,guardiao-familia-api,guardiao-familia-api/src/location;guardiao-familia-api/src/maps;guardiao-familia-api/src/modules/mapbox,"**Objetivo:** API realtime: websocket gateway reconnect policy **Épico:** E-P02 Localização e rotas Mapbox · **Trilha:** produto · **OKR O3** — Experiência familiar: auth, tempo de tela, gamificação e engajamento. **Sprint 6** · Repo `guardiao-familia-api` · Baseline `partial` **Refinamento:** implementação parcial existente — completar gaps e testes.","PR com estrategia, arquivos alterados e duvidas (template 10-agents).",
T-P14-003,API escalation: SOS escalation timer config,guardiao-familia-api,guardiao-familia-api/src/sos;guardiao-familia-api/src/escalation;guardiao-familia-api/src/notifications;guardiao-familia-api/src/storage;guardiao-familia-api/components/sos,"**Objetivo:** API escalation: SOS escalation timer config **Épico:** E-P04 SOS e emergência · **Trilha:** produto · **OKR O3** — Experiência familiar: auth, tempo de tela, gamificação e engajamento. **Sprint 6** · Repo `guardiao-familia-api` · Baseline `partial` **Refinamento:** implementação parcial existente — completar gaps e testes.","PR com estrategia, arquivos alterados e duvidas (template 10-agents).",
T-P14-007,API payments: Stripe webhook idempotency audit,guardiao-familia-api,guardiao-familia-api/src/screen-time;guardiao-familia-api/src/notifications;guardiao-familia-api/src/email,"**Objetivo:** API payments: Stripe webhook idempotency audit **Épico:** E-P06 Tempo de tela e pedido extra · **Trilha:** produto · **OKR O3** — Experiência familiar: auth, tempo de tela, gamificação e engajamento. **Sprint 6** · Repo `guardiao-familia-api` · Baseline `partial` **Refinamento:** implementação parcial existente — completar gaps e testes.","PR com estrategia, arquivos alterados e duvidas (template 10-agents).",
T-P14-009,API analytics: event schema child location,guardiao-familia-api,guardiao-familia-api/src/monitoring;guardiao-familia-api/src/metrics;guardiao-familia-api/sentry.config;guardiao-familia-api/.github/workflows;guardiao-familia-api/src/migrations;guardiao-familia-api/src/database;guardiao-familia-api/src/location;guardiao-familia-api/src/maps,"**Objetivo:** API analytics: event schema child location **Épico:** E-I03 Observabilidade e alertas · **Trilha:** infraestrutura · **OKR O3** — Experiência familiar: auth, tempo de tela, gamificação e engajamento. **Sprint 6** · Repo `guardiao-familia-api` · Baseline `partial` **Refinamento:** implementação parcial existente — completar gaps e testes.","PR com estrategia, arquivos alterados e duvidas (template 10-agents).",
T-P14-011,API monitoring: health check deep dependencies,guardiao-familia-api,guardiao-familia-api/src/monitoring;guardiao-familia-api/src/metrics;guardiao-familia-api/sentry.config;guardiao-familia-api/.github/workflows;guardiao-familia-api/sentry.config.js,"**Objetivo:** API monitoring: health check deep dependencies **Épico:** E-I03 Observabilidade e alertas · **Trilha:** infraestrutura · **OKR O3** — Experiência familiar: auth, tempo de tela, gamificação e engajamento. **Sprint 6** · Repo `guardiao-familia-api` · Baseline `partial` **Refinamento:** implementação parcial existente — completar gaps e testes.","PR com estrategia, arquivos alterados e duvidas (template 10-agents).",
T-P14-012,API email: template SOS parent notification,guardiao-familia-api,guardiao-familia-api/src/sos;guardiao-familia-api/src/escalation;guardiao-familia-api/src/notifications;guardiao-familia-api/src/storage;guardiao-familia-api/src/devices;guardiao-familia-api/services/push;guardiao-familia-api/components/sos,"**Objetivo:** API email: template SOS parent notification **Épico:** E-P04 SOS e emergência · **Trilha:** produto · **OKR O3** — Experiência familiar: auth, tempo de tela, gamificação e engajamento. **Sprint 6** · Repo `guardiao-familia-api` · Baseline `partial` **Refinamento:** implementação parcial existente — completar gaps e testes.","PR com estrategia, arquivos alterados e duvidas (template 10-agents).",
T-P14-015,API tutorials: parent onboarding tutorial fetch,guardiao-familia-api,guardiao-familia-api/app/(tabs)/map;guardiao-familia-api/app/(tabs)/reports;guardiao-familia-api/src/ai;guardiao-familia-api/components/map,"**Objetivo:** API tutorials: parent onboarding tutorial fetch **Épico:** E-P09 App parent — mapa, relatórios, IA · **Trilha:** produto · **OKR O3** — Experiência familiar: auth, tempo de tela, gamificação e engajamento. **Sprint 6** · Repo `guardiao-familia-api` · Baseline `partial` **Refinamento:** implementação parcial existente — completar gaps e testes.","PR com estrategia, arquivos alterados e duvidas (template 10-agents).",
T-P14-016,API client-config: remote config parent minimum version,guardiao-familia-api,guardiao-familia-api/app/(tabs)/map;guardiao-familia-api/app/(tabs)/reports;guardiao-familia-api/src/ai;guardiao-familia-api/components/map,"**Objetivo:** API client-config: remote config parent minimum version **Épico:** E-P09 App parent — mapa, relatórios, IA · **Trilha:** produto · **OKR O3** — Experiência familiar: auth, tempo de tela, gamificação e engajamento. **Sprint 6** · Repo `guardiao-familia-api` · Baseline `partial` **Refinamento:** implementação parcial existente — completar gaps e testes.","PR com estrategia, arquivos alterados e duvidas (template 10-agents).",
T-P14-019,API admin: admin audit actions log,guardiao-familia-api,guardiao-familia-api/src/location;guardiao-familia-api/src/maps;guardiao-familia-api/src/modules/mapbox;guardiao-familia-api/app/admin;guardiao-familia-api/components/admin;guardiao-familia-api/pages,"**Objetivo:** API admin: admin audit actions log **Épico:** E-P02 Localização e rotas Mapbox · **Trilha:** produto · **OKR O3** — Experiência familiar: auth, tempo de tela, gamificação e engajamento. **Sprint 6** · Repo `guardiao-familia-api` · Baseline `partial` **Refinamento:** implementação parcial existente — completar gaps e testes.","PR com estrategia, arquivos alterados e duvidas (template 10-agents).",
T-P14-020,API cache: Redis cache invalidation pairing,guardiao-familia-api,guardiao-familia-api/src/location;guardiao-familia-api/src/maps;guardiao-familia-api/src/modules/mapbox;guardiao-familia-api/src/migrations;guardiao-familia-api/src/database;guardiao-familia-api/src/pairing;guardiao-familia-api/app/pairing;guardiao-familia-api/screens/Pairing,"**Objetivo:** API cache: Redis cache invalidation pairing **Épico:** E-P02 Localização e rotas Mapbox · **Trilha:** produto · **OKR O3** — Experiência familiar: auth, tempo de tela, gamificação e engajamento. **Sprint 6** · Repo `guardiao-familia-api` · Baseline `partial` **Refinamento:** implementação parcial existente — completar gaps e testes.","PR com estrategia, arquivos alterados e duvidas (template 10-agents).",
T-P14-023,API children: child profile avatar presign,guardiao-familia-api,guardiao-familia-api/src/auth;guardiao-familia-api/src/users;guardiao-familia-api/src/devices;guardiao-familia-api/src/pairing;guardiao-familia-api/src/families,"**Objetivo:** API children: child profile avatar presign **Épico:** E-P01 Auth, sessão e pareamento · **Trilha:** produto · **OKR O3** — Experiência familiar: auth, tempo de tela, gamificação e engajamento. **Sprint 6** · Repo `guardiao-familia-api` · Baseline `partial` **Refinamento:** implementação parcial existente — completar gaps e testes.","PR com estrategia, arquivos alterados e duvidas (template 10-agents).",
T-P14-024,API pairing: QR code expiry policy,guardiao-familia-api,guardiao-familia-api/src/auth;guardiao-familia-api/src/users;guardiao-familia-api/src/devices;guardiao-familia-api/src/pairing;guardiao-familia-api/src/families;guardiao-familia-api/app/pairing;guardiao-familia-api/screens/Pairing,"**Objetivo:** API pairing: QR code expiry policy **Épico:** E-P01 Auth, sessão e pareamento · **Trilha:** produto · **OKR O3** — Experiência familiar: auth, tempo de tela, gamificação e engajamento. **Sprint 6** · Repo `guardiao-familia-api` · Baseline `partial` **Refinamento:** implementação parcial existente — completar gaps e testes.","PR com estrategia, arquivos alterados e duvidas (template 10-agents).",
T-P14-025,API families: multi-guardian permission matrix,guardiao-familia-api,guardiao-familia-api/src/families;guardiao-familia-api/src/family-messages;guardiao-familia-api/src/family-access,"**Objetivo:** API families: multi-guardian permission matrix **Épico:** E-P08 Família, mensagens e acesso · **Trilha:** produto · **OKR O3** — Experiência familiar: auth, tempo de tela, gamificação e engajamento. **Sprint 6** · Repo `guardiao-familia-api` · Baseline `partial` **Refinamento:** implementação parcial existente — completar gaps e testes.","PR com estrategia, arquivos alterados e duvidas (template 10-agents).",
T-P14-028,API referral: referral reward fulfillment,guardiao-familia-api,guardiao-familia-api/src/families;guardiao-familia-api/src/family-messages;guardiao-familia-api/src/family-access,"**Objetivo:** API referral: referral reward fulfillment **Épico:** E-P08 Família, mensagens e acesso · **Trilha:** produto · **OKR O3** — Experiência familiar: auth, tempo de tela, gamificação e engajamento. **Sprint 6** · Repo `guardiao-familia-api` · Baseline `partial` **Refinamento:** implementação parcial existente — completar gaps e testes.","PR com estrategia, arquivos alterados e duvidas (template 10-agents).",
T-P14-029,API gamification: badge criteria documentation,guardiao-familia-api,guardiao-familia-api/src/gamification;guardiao-familia-api/app/(tabs);guardiao-familia-api/components/achievements,"**Objetivo:** API gamification: badge criteria documentation **Épico:** E-P07 Gamificação e engajamento child · **Trilha:** produto · **OKR O3** — Experiência familiar: auth, tempo de tela, gamificação e engajamento. **Sprint 6** · Repo `guardiao-familia-api` · Baseline `partial` **Refinamento:** implementação parcial existente — completar gaps e testes.",Entregável em markdown no repo; linkar no PR.,
T-P14-033,API support: support ticket SLA metrics,guardiao-familia-api,guardiao-familia-api/app;guardiao-familia-api/components;guardiao-familia-api/pages/api;guardiao-familia-api/lib,"**Objetivo:** API support: support ticket SLA metrics **Épico:** E-P12 Backoffice operacional release · **Trilha:** produto · **OKR O3** — Experiência familiar: auth, tempo de tela, gamificação e engajamento. **Sprint 6** · Repo `guardiao-familia-api` · Baseline `partial` **Evidência código:** commit `97946a2` — revisar diff como ponto de partida. **Refinamento:** implementação parcial existente — completar gaps e testes.","PR com estrategia, arquivos alterados e duvidas (template 10-agents).",
T-P14-036,API system-config: feature toggle geofence v2,guardiao-familia-api,guardiao-familia-api/src/location;guardiao-familia-api/src/maps;guardiao-familia-api/src/modules/mapbox;guardiao-familia-api/src/geofences;guardiao-familia-api/components/geofence,"**Objetivo:** API system-config: feature toggle geofence v2 **Épico:** E-P02 Localização e rotas Mapbox · **Trilha:** produto · **OKR O3** — Experiência familiar: auth, tempo de tela, gamificação e engajamento. **Sprint 6** · Repo `guardiao-familia-api` · Baseline `partial` **Refinamento:** implementação parcial existente — completar gaps e testes.","PR com estrategia, arquivos alterados e duvidas (template 10-agents).",
T-P14-037,API i18n: PT-BR string audit parent,guardiao-familia-api,guardiao-familia-api/src/location;guardiao-familia-api/src/maps;guardiao-familia-api/src/modules/mapbox,"**Objetivo:** API i18n: PT-BR string audit parent **Épico:** E-P02 Localização e rotas Mapbox · **Trilha:** produto · **OKR O3** — Experiência familiar: auth, tempo de tela, gamificação e engajamento. **Sprint 6** · Repo `guardiao-familia-api` · Baseline `partial` **Refinamento:** implementação parcial existente — completar gaps e testes.","PR com estrategia, arquivos alterados e duvidas (template 10-agents).",
T-P14-038,API i18n: PT-BR string audit child,guardiao-familia-api,guardiao-familia-api/src/location;guardiao-familia-api/src/maps;guardiao-familia-api/src/modules/mapbox,"**Objetivo:** API i18n: PT-BR string audit child **Épico:** E-P02 Localização e rotas Mapbox · **Trilha:** produto · **OKR O3** — Experiência familiar: auth, tempo de tela, gamificação e engajamento. **Sprint 6** · Repo `guardiao-familia-api` · Baseline `partial` **Refinamento:** implementação parcial existente — completar gaps e testes.","PR com estrategia, arquivos alterados e duvidas (template 10-agents).",
T-P14-039,API health: readiness vs liveness split,guardiao-familia-api,guardiao-familia-api/src/location;guardiao-familia-api/src/maps;guardiao-familia-api/src/modules/mapbox,"**Objetivo:** API health: readiness vs liveness split **Épico:** E-P02 Localização e rotas Mapbox · **Trilha:** produto · **OKR O3** — Experiência familiar: auth, tempo de tela, gamificação e engajamento. **Sprint 6** · Repo `guardiao-familia-api` · Baseline `partial` **Refinamento:** implementação parcial existente — completar gaps e testes.","PR com estrategia, arquivos alterados e duvidas (template 10-agents).",
T-P06-003,Parent UI pedido tempo extra,guardiao-familia-api,guardiao-familia-api/src/screen-time;guardiao-familia-api/src/notifications;guardiao-familia-api/src/email,"**Objetivo:** Parent UI pedido tempo extra **Épico:** E-P06 Tempo de tela e pedido extra · **Trilha:** produto · **OKR O3** — Experiência familiar: auth, tempo de tela, gamificação e engajamento. **Sprint 7** · Repo `guardiao-familia-api` · Baseline `partial` **Evidência código:** commit `bfb44c7` — revisar diff como ponto de partida. **Refinamento:** implementação parcial existente — completar gaps e testes.","PR com estrategia, arquivos alterados e duvidas (template 10-agents).",
T-P06-004,Child UI status tempo de tela,guardiao-familia-api,guardiao-familia-api/src/screen-time;guardiao-familia-api/src/notifications;guardiao-familia-api/src/email;guardiao-familia-api/app/screen-time,"**Objetivo:** Child UI status tempo de tela **Épico:** E-P06 Tempo de tela e pedido extra · **Trilha:** produto · **OKR O3** — Experiência familiar: auth, tempo de tela, gamificação e engajamento. **Sprint 7** · Repo `guardiao-familia-api` · Baseline `partial` **Refinamento:** implementação parcial existente — completar gaps e testes.","PR com estrategia, arquivos alterados e duvidas (template 10-agents).",
T-P06-007,Relatório uso apps child,guardiao-familia-api,guardiao-familia-api/src/screen-time;guardiao-familia-api/src/notifications;guardiao-familia-api/src/email,"**Objetivo:** Relatório uso apps child **Épico:** E-P06 Tempo de tela e pedido extra · **Trilha:** produto · **OKR O3** — Experiência familiar: auth, tempo de tela, gamificação e engajamento. **Sprint 7** · Repo `guardiao-familia-api` · Baseline `partial` **Refinamento:** implementação parcial existente — completar gaps e testes.","PR com estrategia, arquivos alterados e duvidas (template 10-agents).",
T-P09-003,Assistente IA chat parent MVP,guardiao-familia-parent,guardiao-familia-parent/app/(tabs)/map;guardiao-familia-parent/app/(tabs)/reports;guardiao-familia-parent/src/ai;guardiao-familia-parent/components/map,"**Objetivo:** Assistente IA chat parent MVP **Épico:** E-P09 App parent — mapa, relatórios, IA · **Trilha:** produto · **OKR O3** — Experiência familiar: auth, tempo de tela, gamificação e engajamento. **Sprint 10** · Repo `guardiao-familia-parent` · Baseline `partial` **Refinamento:** implementação parcial existente — completar gaps e testes.","PR com estrategia, arquivos alterados e duvidas (template 10-agents).",
T-P09-005,Dashboard home widgets,guardiao-familia-parent,guardiao-familia-parent/app/(tabs)/map;guardiao-familia-parent/app/(tabs)/reports;guardiao-familia-parent/src/ai;guardiao-familia-parent/components/map,"**Objetivo:** Dashboard home widgets **Épico:** E-P09 App parent — mapa, relatórios, IA · **Trilha:** produto · **OKR O3** — Experiência familiar: auth, tempo de tela, gamificação e engajamento. **Sprint 10** · Repo `guardiao-familia-parent` · Baseline `partial` **Refinamento:** implementação parcial existente — completar gaps e testes.","PR com estrategia, arquivos alterados e duvidas (template 10-agents).",
T-P09-008,Localização permissões UX iOS,guardiao-familia-parent,guardiao-familia-parent/app/(tabs)/map;guardiao-familia-parent/app/(tabs)/reports;guardiao-familia-parent/src/ai;guardiao-familia-parent/components/map;guardiao-familia-parent/ios;guardiao-familia-parent/app.config.js,"**Objetivo:** Localização permissões UX iOS **Épico:** E-P09 App parent — mapa, relatórios, IA · **Trilha:** produto · **OKR O3** — Experiência familiar: auth, tempo de tela, gamificação e engajamento. **Sprint 10** · Repo `guardiao-familia-parent` · Baseline `partial` **Refinamento:** implementação parcial existente — completar gaps e testes.",Validar em simulador/dispositivo iOS; permissoes no Info.plist.,
T-P09-009,Localização permissões UX Android,guardiao-familia-parent,guardiao-familia-parent/app/(tabs)/map;guardiao-familia-parent/app/(tabs)/reports;guardiao-familia-parent/src/ai;guardiao-familia-parent/components/map;guardiao-familia-parent/android;guardiao-familia-parent/app.config.js,"**Objetivo:** Localização permissões UX Android **Épico:** E-P09 App parent — mapa, relatórios, IA · **Trilha:** produto · **OKR O3** — Experiência familiar: auth, tempo de tela, gamificação e engajamento. **Sprint 10** · Repo `guardiao-familia-parent` · Baseline `partial` **Refinamento:** implementação parcial existente — completar gaps e testes.",Validar em emulador/dispositivo Android; data safety se stores.,
T-P08-004,Parent UI gestão família,guardiao-familia-api,guardiao-familia-api/src/families;guardiao-familia-api/src/family-messages;guardiao-familia-api/src/family-access,"**Objetivo:** Parent UI gestão família **Épico:** E-P08 Família, mensagens e acesso · **Trilha:** produto · **OKR O3** — Experiência familiar: auth, tempo de tela, gamificação e engajamento. **Sprint 8** · Repo `guardiao-familia-api` · Baseline `partial` **Refinamento:** implementação parcial existente — completar gaps e testes.","PR com estrategia, arquivos alterados e duvidas (template 10-agents).",
T-P08-005,Parent UI mensagens família,guardiao-familia-api,guardiao-familia-api/src/families;guardiao-familia-api/src/family-messages;guardiao-familia-api/src/family-access,"**Objetivo:** Parent UI mensagens família **Épico:** E-P08 Família, mensagens e acesso · **Trilha:** produto · **OKR O3** — Experiência familiar: auth, tempo de tela, gamificação e engajamento. **Sprint 8** · Repo `guardiao-familia-api` · Baseline `partial` **Refinamento:** implementação parcial existente — completar gaps e testes.","PR com estrategia, arquivos alterados e duvidas (template 10-agents).",
T-P07-002,Child UI lista conquistas,guardiao-familia-child,guardiao-familia-child/src/gamification;guardiao-familia-child/app/(tabs);guardiao-familia-child/components/achievements,"**Objetivo:** Child UI lista conquistas **Épico:** E-P07 Gamificação e engajamento child · **Trilha:** produto · **OKR O3** — Experiência familiar: auth, tempo de tela, gamificação e engajamento. **Sprint 9** · Repo `guardiao-familia-child` · Baseline `partial` **Refinamento:** implementação parcial existente — completar gaps e testes.","PR com estrategia, arquivos alterados e duvidas (template 10-agents).",
T-P07-004,Tutorial gamificação onboarding,guardiao-familia-child,guardiao-familia-child/src/gamification;guardiao-familia-child/app/(tabs);guardiao-familia-child/components/achievements,"**Objetivo:** Tutorial gamificação onboarding **Épico:** E-P07 Gamificação e engajamento child · **Trilha:** produto · **OKR O3** — Experiência familiar: auth, tempo de tela, gamificação e engajamento. **Sprint 9** · Repo `guardiao-familia-child` · Baseline `partial` **Refinamento:** implementação parcial existente — completar gaps e testes.","PR com estrategia, arquivos alterados e duvidas (template 10-agents).",
T-P10-008,Indicador conexão offline,guardiao-familia-child,guardiao-familia-child/app;guardiao-familia-child/components;guardiao-familia-child/hooks;guardiao-familia-child/services/api,"**Objetivo:** Indicador conexão offline **Épico:** E-P10 App child — UX e estabilidade · **Trilha:** produto · **OKR O3** — Experiência familiar: auth, tempo de tela, gamificação e engajamento. **Sprint 9** · Repo `guardiao-familia-child` · Baseline `todo` **Refinamento:** Feature E2E — alterações em API e/ou apps conforme repo.","PR com estrategia, arquivos alterados e duvidas (template 10-agents).",
T-P10-010,Testes dispositivos Android baixo RAM,guardiao-familia-child,guardiao-familia-child/app;guardiao-familia-child/components;guardiao-familia-child/hooks;guardiao-familia-child/services/api;guardiao-familia-child/test;guardiao-familia-child/tests;guardiao-familia-child/__tests__;guardiao-familia-child/e2e,"**Objetivo:** Testes dispositivos Android baixo RAM **Épico:** E-P10 App child — UX e estabilidade · **Trilha:** produto · **OKR O3** — Experiência familiar: auth, tempo de tela, gamificação e engajamento. **Sprint 9** · Repo `guardiao-familia-child` · Baseline `todo` **Refinamento:** Feature E2E — alterações em API e/ou apps conforme repo.",Cobertura reproduzível em CI; documentar comando de execução.;Validar em emulador/dispositivo Android; data safety se stores.,
T-P14-010,API metrics: Prometheus endpoint scrape ECS,guardiao-familia-api,guardiao-familia-api/src/monitoring;guardiao-familia-api/src/metrics;guardiao-familia-api/sentry.config;guardiao-familia-api/.github/workflows;guardiao-familia-api/infra/terraform;guardiao-familia-api/terraform/modules,"**Objetivo:** API metrics: Prometheus endpoint scrape ECS **Épico:** E-I03 Observabilidade e alertas · **Trilha:** infraestrutura · **OKR O3** — Experiência familiar: auth, tempo de tela, gamificação e engajamento. **Sprint 6** · Repo `guardiao-familia-api` · Baseline `todo` **Refinamento:** AWS, CI/CD, banco, observabilidade — priorizar IaC e runbooks.","PR com estrategia, arquivos alterados e duvidas (template 10-agents).",
T-P14-021,API maps: Mapbox token rotation procedure,guardiao-familia-api,guardiao-familia-api/src/location;guardiao-familia-api/src/maps;guardiao-familia-api/src/modules/mapbox;guardiao-familia-api/components/map;guardiao-familia-api/services/location;guardiao-familia-api/src/auth;guardiao-familia-api/services/auth;guardiao-familia-api/contexts/AuthContext,"**Objetivo:** API maps: Mapbox token rotation procedure **Épico:** E-P02 Localização e rotas Mapbox · **Trilha:** produto · **OKR O3** — Experiência familiar: auth, tempo de tela, gamificação e engajamento. **Sprint 6** · Repo `guardiao-familia-api` · Baseline `todo` **Refinamento:** Feature E2E — alterações em API e/ou apps conforme repo.","PR com estrategia, arquivos alterados e duvidas (template 10-agents).",
T-P14-026,API family-messages: message read receipt,guardiao-familia-api,guardiao-familia-api/src/families;guardiao-familia-api/src/family-messages;guardiao-familia-api/src/family-access,"**Objetivo:** API family-messages: message read receipt **Épico:** E-P08 Família, mensagens e acesso · **Trilha:** produto · **OKR O3** — Experiência familiar: auth, tempo de tela, gamificação e engajamento. **Sprint 6** · Repo `guardiao-familia-api` · Baseline `todo` **Refinamento:** Feature E2E — alterações em API e/ou apps conforme repo.","PR com estrategia, arquivos alterados e duvidas (template 10-agents).",
T-P14-027,API family-access: invite link deep link,guardiao-familia-api,guardiao-familia-api/src/families;guardiao-familia-api/src/family-messages;guardiao-familia-api/src/family-access,"**Objetivo:** API family-access: invite link deep link **Épico:** E-P08 Família, mensagens e acesso · **Trilha:** produto · **OKR O3** — Experiência familiar: auth, tempo de tela, gamificação e engajamento. **Sprint 6** · Repo `guardiao-familia-api` · Baseline `todo` **Refinamento:** Feature E2E — alterações em API e/ou apps conforme repo.","PR com estrategia, arquivos alterados e duvidas (template 10-agents).",
T-P14-030,API community: community feed out-of-scope flag,guardiao-familia-api,guardiao-familia-api/src/location;guardiao-familia-api/src/maps;guardiao-familia-api/src/modules/mapbox,"**Objetivo:** API community: community feed out-of-scope flag **Épico:** E-P02 Localização e rotas Mapbox · **Trilha:** produto · **OKR O3** — Experiência familiar: auth, tempo de tela, gamificação e engajamento. **Sprint 6** · Repo `guardiao-familia-api` · Baseline `todo` **Refinamento:** Feature E2E — alterações em API e/ou apps conforme repo.","PR com estrategia, arquivos alterados e duvidas (template 10-agents).",
T-P14-034,API support: admin reply push notification,guardiao-familia-api,guardiao-familia-api/app;guardiao-familia-api/components;guardiao-familia-api/pages/api;guardiao-familia-api/lib;guardiao-familia-api/src/notifications;guardiao-familia-api/src/devices;guardiao-familia-api/services/push;guardiao-familia-api/app/admin,"**Objetivo:** API support: admin reply push notification **Épico:** E-P12 Backoffice operacional release · **Trilha:** produto · **OKR O3** — Experiência familiar: auth, tempo de tela, gamificação e engajamento. **Sprint 6** · Repo `guardiao-familia-api` · Baseline `todo` **Refinamento:** Feature E2E — alterações em API e/ou apps conforme repo.","PR com estrategia, arquivos alterados e duvidas (template 10-agents).",
T-P01-004,Testes E2E pareamento QR parent-child,guardiao-familia-api,guardiao-familia-api/src/auth;guardiao-familia-api/src/users;guardiao-familia-api/src/devices;guardiao-familia-api/src/pairing;guardiao-familia-api/src/families;guardiao-familia-api/test;guardiao-familia-api/tests;guardiao-familia-api/__tests__,"**Objetivo:** Testes E2E pareamento QR parent-child **Épico:** E-P01 Auth, sessão e pareamento · **Trilha:** produto · **OKR O3** — Experiência familiar: auth, tempo de tela, gamificação e engajamento. **Sprint 2** · Repo `guardiao-familia-api` · Baseline `todo` **Refinamento:** Feature E2E — alterações em API e/ou apps conforme repo.",Cobertura reproduzível em CI; documentar comando de execução.,
T-P01-007,Auditar expiração JWT e refresh em todos clients,guardiao-familia-api,guardiao-familia-api/src/auth;guardiao-familia-api/src/users;guardiao-familia-api/src/devices;guardiao-familia-api/src/pairing;guardiao-familia-api/src/families;guardiao-familia-api/services/auth;guardiao-familia-api/contexts/AuthContext,"**Objetivo:** Auditar expiração JWT e refresh em todos clients **Épico:** E-P01 Auth, sessão e pareamento · **Trilha:** produto · **OKR O3** — Experiência familiar: auth, tempo de tela, gamificação e engajamento. **Sprint 2** · Repo `guardiao-familia-api` · Baseline `todo` **Refinamento:** Feature E2E — alterações em API e/ou apps conforme repo.","PR com estrategia, arquivos alterados e duvidas (template 10-agents).",
T-P06-005,Notificação push pedido extra,guardiao-familia-api,guardiao-familia-api/src/screen-time;guardiao-familia-api/src/notifications;guardiao-familia-api/src/email;guardiao-familia-api/src/devices;guardiao-familia-api/services/push,"**Objetivo:** Notificação push pedido extra **Épico:** E-P06 Tempo de tela e pedido extra · **Trilha:** produto · **OKR O3** — Experiência familiar: auth, tempo de tela, gamificação e engajamento. **Sprint 7** · Repo `guardiao-familia-api` · Baseline `todo` **Refinamento:** Feature E2E — alterações em API e/ou apps conforme repo.","PR com estrategia, arquivos alterados e duvidas (template 10-agents).",
T-P06-009,Testes E2E pedido extra aprovado,guardiao-familia-api,guardiao-familia-api/src/screen-time;guardiao-familia-api/src/notifications;guardiao-familia-api/src/email;guardiao-familia-api/test;guardiao-familia-api/tests;guardiao-familia-api/__tests__;guardiao-familia-api/e2e,"**Objetivo:** Testes E2E pedido extra aprovado **Épico:** E-P06 Tempo de tela e pedido extra · **Trilha:** produto · **OKR O3** — Experiência familiar: auth, tempo de tela, gamificação e engajamento. **Sprint 7** · Repo `guardiao-familia-api` · Baseline `todo` **Refinamento:** Feature E2E — alterações em API e/ou apps conforme repo.",Cobertura reproduzível em CI; documentar comando de execução.,
T-P06-010,Testes E2E pedido extra negado,guardiao-familia-api,guardiao-familia-api/src/screen-time;guardiao-familia-api/src/notifications;guardiao-familia-api/src/email;guardiao-familia-api/test;guardiao-familia-api/tests;guardiao-familia-api/__tests__;guardiao-familia-api/e2e,"**Objetivo:** Testes E2E pedido extra negado **Épico:** E-P06 Tempo de tela e pedido extra · **Trilha:** produto · **OKR O3** — Experiência familiar: auth, tempo de tela, gamificação e engajamento. **Sprint 7** · Repo `guardiao-familia-api` · Baseline `todo` **Refinamento:** Feature E2E — alterações em API e/ou apps conforme repo.",Cobertura reproduzível em CI; documentar comando de execução.,
T-P06-011,Exibir features ST ocultas parent,guardiao-familia-api,guardiao-familia-api/src/screen-time;guardiao-familia-api/src/notifications;guardiao-familia-api/src/email,"**Objetivo:** Exibir features ST ocultas parent **Épico:** E-P06 Tempo de tela e pedido extra · **Trilha:** produto · **OKR O3** — Experiência familiar: auth, tempo de tela, gamificação e engajamento. **Sprint 7** · Repo `guardiao-familia-api` · Baseline `todo` **Evidência código:** commit `bfb44c7` — revisar diff como ponto de partida. **Refinamento:** Feature E2E — alterações em API e/ou apps conforme repo.","PR com estrategia, arquivos alterados e duvidas (template 10-agents).",
T-P09-004,Relatórios localização semanal,guardiao-familia-parent,guardiao-familia-parent/app/(tabs)/map;guardiao-familia-parent/app/(tabs)/reports;guardiao-familia-parent/src/ai;guardiao-familia-parent/components/map;guardiao-familia-parent/ios;guardiao-familia-parent/app.config.js,"**Objetivo:** Relatórios localização semanal **Épico:** E-P09 App parent — mapa, relatórios, IA · **Trilha:** produto · **OKR O3** — Experiência familiar: auth, tempo de tela, gamificação e engajamento. **Sprint 10** · Repo `guardiao-familia-parent` · Baseline `todo` **Refinamento:** Feature E2E — alterações em API e/ou apps conforme repo.",Validar em simulador/dispositivo iOS; permissoes no Info.plist.,
T-P09-006,Deep link push notification,guardiao-familia-parent,guardiao-familia-parent/app/(tabs)/map;guardiao-familia-parent/app/(tabs)/reports;guardiao-familia-parent/src/ai;guardiao-familia-parent/components/map;guardiao-familia-parent/src/notifications;guardiao-familia-parent/src/devices;guardiao-familia-parent/services/push,"**Objetivo:** Deep link push notification **Épico:** E-P09 App parent — mapa, relatórios, IA · **Trilha:** produto · **OKR O3** — Experiência familiar: auth, tempo de tela, gamificação e engajamento. **Sprint 10** · Repo `guardiao-familia-parent` · Baseline `todo` **Refinamento:** Feature E2E — alterações em API e/ou apps conforme repo.","PR com estrategia, arquivos alterados e duvidas (template 10-agents).",
T-P09-007,Acessibilidade VoiceOver mapa,guardiao-familia-parent,guardiao-familia-parent/app/(tabs)/map;guardiao-familia-parent/app/(tabs)/reports;guardiao-familia-parent/src/ai;guardiao-familia-parent/components/map;guardiao-familia-parent/src/location;guardiao-familia-parent/src/maps;guardiao-familia-parent/services/location,"**Objetivo:** Acessibilidade VoiceOver mapa **Épico:** E-P09 App parent — mapa, relatórios, IA · **Trilha:** produto · **OKR O3** — Experiência familiar: auth, tempo de tela, gamificação e engajamento. **Sprint 10** · Repo `guardiao-familia-parent` · Baseline `todo` **Refinamento:** Feature E2E — alterações em API e/ou apps conforme repo.","PR com estrategia, arquivos alterados e duvidas (template 10-agents).",
T-P08-007,Community module backlog only,guardiao-familia-api,guardiao-familia-api/src/families;guardiao-familia-api/src/family-messages;guardiao-familia-api/src/family-access,"**Objetivo:** Community module backlog only **Épico:** E-P08 Família, mensagens e acesso · **Trilha:** produto · **OKR O3** — Experiência familiar: auth, tempo de tela, gamificação e engajamento. **Sprint 8** · Repo `guardiao-familia-api` · Baseline `todo` **Refinamento:** Feature E2E — alterações em API e/ou apps conforme repo.","PR com estrategia, arquivos alterados e duvidas (template 10-agents).",
T-P07-003,Animação unlock conquista,guardiao-familia-child,guardiao-familia-child/src/gamification;guardiao-familia-child/app/(tabs);guardiao-familia-child/components/achievements,"**Objetivo:** Animação unlock conquista **Épico:** E-P07 Gamificação e engajamento child · **Trilha:** produto · **OKR O3** — Experiência familiar: auth, tempo de tela, gamificação e engajamento. **Sprint 9** · Repo `guardiao-familia-child` · Baseline `todo` **Refinamento:** Feature E2E — alterações em API e/ou apps conforme repo.","PR com estrategia, arquivos alterados e duvidas (template 10-agents).",
T-P07-005,Testes regressão gamification,guardiao-familia-child,guardiao-familia-child/src/gamification;guardiao-familia-child/app/(tabs);guardiao-familia-child/components/achievements;guardiao-familia-child/test;guardiao-familia-child/tests;guardiao-familia-child/__tests__;guardiao-familia-child/e2e,"**Objetivo:** Testes regressão gamification **Épico:** E-P07 Gamificação e engajamento child · **Trilha:** produto · **OKR O3** — Experiência familiar: auth, tempo de tela, gamificação e engajamento. **Sprint 9** · Repo `guardiao-familia-child` · Baseline `todo` **Refinamento:** Feature E2E — alterações em API e/ou apps conforme repo.",Cobertura reproduzível em CI; documentar comando de execução.,
T-P09-013,Parent: Mapbox style tokens produção,guardiao-familia-parent,guardiao-familia-parent/app/(tabs)/map;guardiao-familia-parent/app/(tabs)/reports;guardiao-familia-parent/src/ai;guardiao-familia-parent/components/map;guardiao-familia-parent/src/location;guardiao-familia-parent/src/maps;guardiao-familia-parent/services/location;guardiao-familia-parent/src/auth,"**Objetivo:** Parent: Mapbox style tokens produção **Épico:** E-P09 App parent — mapa, relatórios, IA · **Trilha:** produto · **OKR O3** — Experiência familiar: auth, tempo de tela, gamificação e engajamento. **Sprint 10** · Repo `guardiao-familia-parent` · Baseline `todo` **Refinamento:** Feature E2E — alterações em API e/ou apps conforme repo.","PR com estrategia, arquivos alterados e duvidas (template 10-agents).",
T-P09-014,Parent: Safe area insets iPhone notch,guardiao-familia-parent,guardiao-familia-parent/app/(tabs)/map;guardiao-familia-parent/app/(tabs)/reports;guardiao-familia-parent/src/ai;guardiao-familia-parent/components/map,"**Objetivo:** Parent: Safe area insets iPhone notch **Épico:** E-P09 App parent — mapa, relatórios, IA · **Trilha:** produto · **OKR O3** — Experiência familiar: auth, tempo de tela, gamificação e engajamento. **Sprint 10** · Repo `guardiao-familia-parent` · Baseline `todo` **Refinamento:** Feature E2E — alterações em API e/ou apps conforme repo.","PR com estrategia, arquivos alterados e duvidas (template 10-agents).",
T-P09-015,Parent: Tablet layout responsivo,guardiao-familia-parent,guardiao-familia-parent/app/(tabs)/map;guardiao-familia-parent/app/(tabs)/reports;guardiao-familia-parent/src/ai;guardiao-familia-parent/components/map,"**Objetivo:** Parent: Tablet layout responsivo **Épico:** E-P09 App parent — mapa, relatórios, IA · **Trilha:** produto · **OKR O3** — Experiência familiar: auth, tempo de tela, gamificação e engajamento. **Sprint 10** · Repo `guardiao-familia-parent` · Baseline `todo` **Refinamento:** Feature E2E — alterações em API e/ou apps conforme repo.","PR com estrategia, arquivos alterados e duvidas (template 10-agents).",
T-P09-016,Parent: Biometria login Face ID,guardiao-familia-parent,guardiao-familia-parent/app/(tabs)/map;guardiao-familia-parent/app/(tabs)/reports;guardiao-familia-parent/src/ai;guardiao-familia-parent/components/map;guardiao-familia-parent/src/auth;guardiao-familia-parent/services/auth;guardiao-familia-parent/contexts/AuthContext,"**Objetivo:** Parent: Biometria login Face ID **Épico:** E-P09 App parent — mapa, relatórios, IA · **Trilha:** produto · **OKR O3** — Experiência familiar: auth, tempo de tela, gamificação e engajamento. **Sprint 10** · Repo `guardiao-familia-parent` · Baseline `todo` **Refinamento:** Feature E2E — alterações em API e/ou apps conforme repo.","PR com estrategia, arquivos alterados e duvidas (template 10-agents).",
T-P09-017,Parent: Biometria login fingerprint Android,guardiao-familia-parent,guardiao-familia-parent/app/(tabs)/map;guardiao-familia-parent/app/(tabs)/reports;guardiao-familia-parent/src/ai;guardiao-familia-parent/components/map;guardiao-familia-parent/src/auth;guardiao-familia-parent/services/auth;guardiao-familia-parent/contexts/AuthContext;guardiao-familia-parent/android,"**Objetivo:** Parent: Biometria login fingerprint Android **Épico:** E-P09 App parent — mapa, relatórios, IA · **Trilha:** produto · **OKR O3** — Experiência familiar: auth, tempo de tela, gamificação e engajamento. **Sprint 10** · Repo `guardiao-familia-parent` · Baseline `todo` **Refinamento:** Feature E2E — alterações em API e/ou apps conforme repo.",Validar em emulador/dispositivo Android; data safety se stores.,
T-P09-018,Parent: Share sheet convite família,guardiao-familia-parent,guardiao-familia-parent/app/(tabs)/map;guardiao-familia-parent/app/(tabs)/reports;guardiao-familia-parent/src/ai;guardiao-familia-parent/components/map,"**Objetivo:** Parent: Share sheet convite família **Épico:** E-P09 App parent — mapa, relatórios, IA · **Trilha:** produto · **OKR O3** — Experiência familiar: auth, tempo de tela, gamificação e engajamento. **Sprint 10** · Repo `guardiao-familia-parent` · Baseline `todo` **Refinamento:** Feature E2E — alterações em API e/ou apps conforme repo.","PR com estrategia, arquivos alterados e duvidas (template 10-agents).",
T-P09-019,Parent: Push permission prompt timing,guardiao-familia-parent,guardiao-familia-parent/app/(tabs)/map;guardiao-familia-parent/app/(tabs)/reports;guardiao-familia-parent/src/ai;guardiao-familia-parent/components/map;guardiao-familia-parent/src/notifications;guardiao-familia-parent/src/devices;guardiao-familia-parent/services/push,"**Objetivo:** Parent: Push permission prompt timing **Épico:** E-P09 App parent — mapa, relatórios, IA · **Trilha:** produto · **OKR O3** — Experiência familiar: auth, tempo de tela, gamificação e engajamento. **Sprint 10** · Repo `guardiao-familia-parent` · Baseline `todo` **Refinamento:** Feature E2E — alterações em API e/ou apps conforme repo.","PR com estrategia, arquivos alterados e duvidas (template 10-agents).",
T-P09-020,Parent: Settings toggles notificações por tipo,guardiao-familia-parent,guardiao-familia-parent/app/(tabs)/map;guardiao-familia-parent/app/(tabs)/reports;guardiao-familia-parent/src/ai;guardiao-familia-parent/components/map;guardiao-familia-parent/src/notifications;guardiao-familia-parent/src/devices;guardiao-familia-parent/services/push,"**Objetivo:** Parent: Settings toggles notificações por tipo **Épico:** E-P09 App parent — mapa, relatórios, IA · **Trilha:** produto · **OKR O3** — Experiência familiar: auth, tempo de tela, gamificação e engajamento. **Sprint 10** · Repo `guardiao-familia-parent` · Baseline `todo` **Refinamento:** Feature E2E — alterações em API e/ou apps conforme repo.","PR com estrategia, arquivos alterados e duvidas (template 10-agents).",
T-P09-021,Parent: SOS histórico filtros data,guardiao-familia-parent,guardiao-familia-parent/app/(tabs)/map;guardiao-familia-parent/app/(tabs)/reports;guardiao-familia-parent/src/ai;guardiao-familia-parent/components/map;guardiao-familia-parent/src/sos;guardiao-familia-parent/src/escalation;guardiao-familia-parent/components/sos,"**Objetivo:** Parent: SOS histórico filtros data **Épico:** E-P09 App parent — mapa, relatórios, IA · **Trilha:** produto · **OKR O3** — Experiência familiar: auth, tempo de tela, gamificação e engajamento. **Sprint 10** · Repo `guardiao-familia-parent` · Baseline `todo` **Refinamento:** Feature E2E — alterações em API e/ou apps conforme repo.","PR com estrategia, arquivos alterados e duvidas (template 10-agents).",
T-P09-022,Parent: Geofence list empty state UX,guardiao-familia-parent,guardiao-familia-parent/app/(tabs)/map;guardiao-familia-parent/app/(tabs)/reports;guardiao-familia-parent/src/ai;guardiao-familia-parent/components/map;guardiao-familia-parent/src/geofences;guardiao-familia-parent/components/geofence,"**Objetivo:** Parent: Geofence list empty state UX **Épico:** E-P09 App parent — mapa, relatórios, IA · **Trilha:** produto · **OKR O3** — Experiência familiar: auth, tempo de tela, gamificação e engajamento. **Sprint 10** · Repo `guardiao-familia-parent` · Baseline `todo` **Refinamento:** Feature E2E — alterações em API e/ou apps conforme repo.","PR com estrategia, arquivos alterados e duvidas (template 10-agents).",
T-P09-023,Parent: Loading skeleton mapa,guardiao-familia-parent,guardiao-familia-parent/app/(tabs)/map;guardiao-familia-parent/app/(tabs)/reports;guardiao-familia-parent/src/ai;guardiao-familia-parent/components/map;guardiao-familia-parent/src/location;guardiao-familia-parent/src/maps;guardiao-familia-parent/services/location,"**Objetivo:** Parent: Loading skeleton mapa **Épico:** E-P09 App parent — mapa, relatórios, IA · **Trilha:** produto · **OKR O3** — Experiência familiar: auth, tempo de tela, gamificação e engajamento. **Sprint 10** · Repo `guardiao-familia-parent` · Baseline `todo` **Refinamento:** Feature E2E — alterações em API e/ou apps conforme repo.","PR com estrategia, arquivos alterados e duvidas (template 10-agents).",
T-P09-024,Parent: Error boundary tela mapa,guardiao-familia-parent,guardiao-familia-parent/app/(tabs)/map;guardiao-familia-parent/app/(tabs)/reports;guardiao-familia-parent/src/ai;guardiao-familia-parent/components/map;guardiao-familia-parent/src/location;guardiao-familia-parent/src/maps;guardiao-familia-parent/services/location,"**Objetivo:** Parent: Error boundary tela mapa **Épico:** E-P09 App parent — mapa, relatórios, IA · **Trilha:** produto · **OKR O3** — Experiência familiar: auth, tempo de tela, gamificação e engajamento. **Sprint 10** · Repo `guardiao-familia-parent` · Baseline `todo` **Refinamento:** Feature E2E — alterações em API e/ou apps conforme repo.","PR com estrategia, arquivos alterados e duvidas (template 10-agents).",
T-P09-025,Parent: Offline banner sem rede,guardiao-familia-parent,guardiao-familia-parent/app/(tabs)/map;guardiao-familia-parent/app/(tabs)/reports;guardiao-familia-parent/src/ai;guardiao-familia-parent/components/map,"**Objetivo:** Parent: Offline banner sem rede **Épico:** E-P09 App parent — mapa, relatórios, IA · **Trilha:** produto · **OKR O3** — Experiência familiar: auth, tempo de tela, gamificação e engajamento. **Sprint 10** · Repo `guardiao-familia-parent` · Baseline `todo` **Refinamento:** Feature E2E — alterações em API e/ou apps conforme repo.","PR com estrategia, arquivos alterados e duvidas (template 10-agents).",
T-P09-026,Parent: Analytics screen view mapa,guardiao-familia-parent,guardiao-familia-parent/app/(tabs)/map;guardiao-familia-parent/app/(tabs)/reports;guardiao-familia-parent/src/ai;guardiao-familia-parent/components/map;guardiao-familia-parent/src/location;guardiao-familia-parent/src/maps;guardiao-familia-parent/services/location,"**Objetivo:** Parent: Analytics screen view mapa **Épico:** E-P09 App parent — mapa, relatórios, IA · **Trilha:** produto · **OKR O3** — Experiência familiar: auth, tempo de tela, gamificação e engajamento. **Sprint 10** · Repo `guardiao-familia-parent` · Baseline `todo` **Refinamento:** Feature E2E — alterações em API e/ou apps conforme repo.","PR com estrategia, arquivos alterados e duvidas (template 10-agents).",
T-P09-027,Parent: Crash reporting Sentry parent,guardiao-familia-parent,guardiao-familia-parent/app/(tabs)/map;guardiao-familia-parent/app/(tabs)/reports;guardiao-familia-parent/src/ai;guardiao-familia-parent/components/map;guardiao-familia-parent/src/monitoring;guardiao-familia-parent/sentry.config.js;guardiao-familia-parent/.github/workflows,"**Objetivo:** Parent: Crash reporting Sentry parent **Épico:** E-P09 App parent — mapa, relatórios, IA · **Trilha:** produto · **OKR O3** — Experiência familiar: auth, tempo de tela, gamificação e engajamento. **Sprint 10** · Repo `guardiao-familia-parent` · Baseline `todo` **Refinamento:** Feature E2E — alterações em API e/ou apps conforme repo.","PR com estrategia, arquivos alterados e duvidas (template 10-agents).",
T-P10-011,Child: Ícone app adaptive Android,guardiao-familia-child,guardiao-familia-child/app;guardiao-familia-child/components;guardiao-familia-child/hooks;guardiao-familia-child/services/api;guardiao-familia-child/android;guardiao-familia-child/app.config.js,"**Objetivo:** Child: Ícone app adaptive Android **Épico:** E-P10 App child — UX e estabilidade · **Trilha:** produto · **OKR O3** — Experiência familiar: auth, tempo de tela, gamificação e engajamento. **Sprint 9** · Repo `guardiao-familia-child` · Baseline `todo` **Refinamento:** Feature E2E — alterações em API e/ou apps conforme repo.",Validar em emulador/dispositivo Android; data safety se stores.,
T-P10-012,Child: Splash screen animada,guardiao-familia-child,guardiao-familia-child/app;guardiao-familia-child/components;guardiao-familia-child/hooks;guardiao-familia-child/services/api,"**Objetivo:** Child: Splash screen animada **Épico:** E-P10 App child — UX e estabilidade · **Trilha:** produto · **OKR O3** — Experiência familiar: auth, tempo de tela, gamificação e engajamento. **Sprint 9** · Repo `guardiao-familia-child` · Baseline `todo` **Refinamento:** Feature E2E — alterações em API e/ou apps conforme repo.","PR com estrategia, arquivos alterados e duvidas (template 10-agents).",
T-P10-013,Child: Haptic feedback SOS,guardiao-familia-child,guardiao-familia-child/app;guardiao-familia-child/components;guardiao-familia-child/hooks;guardiao-familia-child/services/api;guardiao-familia-child/src/sos;guardiao-familia-child/src/escalation;guardiao-familia-child/components/sos,"**Objetivo:** Child: Haptic feedback SOS **Épico:** E-P10 App child — UX e estabilidade · **Trilha:** produto · **OKR O3** — Experiência familiar: auth, tempo de tela, gamificação e engajamento. **Sprint 9** · Repo `guardiao-familia-child` · Baseline `todo` **Refinamento:** Feature E2E — alterações em API e/ou apps conforme repo.","PR com estrategia, arquivos alterados e duvidas (template 10-agents).",
T-P10-014,Child: Low power mode location degrade,guardiao-familia-child,guardiao-familia-child/app;guardiao-familia-child/components;guardiao-familia-child/hooks;guardiao-familia-child/services/api;guardiao-familia-child/src/location;guardiao-familia-child/src/maps;guardiao-familia-child/components/map;guardiao-familia-child/services/location,"**Objetivo:** Child: Low power mode location degrade **Épico:** E-P10 App child — UX e estabilidade · **Trilha:** produto · **OKR O3** — Experiência familiar: auth, tempo de tela, gamificação e engajamento. **Sprint 9** · Repo `guardiao-familia-child` · Baseline `todo` **Refinamento:** Feature E2E — alterações em API e/ou apps conforme repo.","PR com estrategia, arquivos alterados e duvidas (template 10-agents).",
T-P10-015,Child: Permissão câmera QR pairing,guardiao-familia-child,guardiao-familia-child/app;guardiao-familia-child/components;guardiao-familia-child/hooks;guardiao-familia-child/services/api;guardiao-familia-child/src/pairing;guardiao-familia-child/app/pairing;guardiao-familia-child/screens/Pairing,"**Objetivo:** Child: Permissão câmera QR pairing **Épico:** E-P10 App child — UX e estabilidade · **Trilha:** produto · **OKR O3** — Experiência familiar: auth, tempo de tela, gamificação e engajamento. **Sprint 9** · Repo `guardiao-familia-child` · Baseline `todo` **Refinamento:** Feature E2E — alterações em API e/ou apps conforme repo.","PR com estrategia, arquivos alterados e duvidas (template 10-agents).",
T-P10-016,Child: Feedback visual ping enviado,guardiao-familia-child,guardiao-familia-child/app;guardiao-familia-child/components;guardiao-familia-child/hooks;guardiao-familia-child/services/api,"**Objetivo:** Child: Feedback visual ping enviado **Épico:** E-P10 App child — UX e estabilidade · **Trilha:** produto · **OKR O3** — Experiência familiar: auth, tempo de tela, gamificação e engajamento. **Sprint 9** · Repo `guardiao-familia-child` · Baseline `todo` **Refinamento:** Feature E2E — alterações em API e/ou apps conforme repo.","PR com estrategia, arquivos alterados e duvidas (template 10-agents).",
T-P10-017,Child: Modo escuro child,guardiao-familia-child,guardiao-familia-child/app;guardiao-familia-child/components;guardiao-familia-child/hooks;guardiao-familia-child/services/api,"**Objetivo:** Child: Modo escuro child **Épico:** E-P10 App child — UX e estabilidade · **Trilha:** produto · **OKR O3** — Experiência familiar: auth, tempo de tela, gamificação e engajamento. **Sprint 9** · Repo `guardiao-familia-child` · Baseline `todo` **Refinamento:** Feature E2E — alterações em API e/ou apps conforme repo.","PR com estrategia, arquivos alterados e duvidas (template 10-agents).",
T-P10-018,Child: Font scaling acessibilidade,guardiao-familia-child,guardiao-familia-child/app;guardiao-familia-child/components;guardiao-familia-child/hooks;guardiao-familia-child/services/api,"**Objetivo:** Child: Font scaling acessibilidade **Épico:** E-P10 App child — UX e estabilidade · **Trilha:** produto · **OKR O3** — Experiência familiar: auth, tempo de tela, gamificação e engajamento. **Sprint 9** · Repo `guardiao-familia-child` · Baseline `todo` **Refinamento:** Feature E2E — alterações em API e/ou apps conforme repo.","PR com estrategia, arquivos alterados e duvidas (template 10-agents).",
T-P10-019,Child: Crash reporting Sentry child,guardiao-familia-child,guardiao-familia-child/app;guardiao-familia-child/components;guardiao-familia-child/hooks;guardiao-familia-child/services/api;guardiao-familia-child/src/monitoring;guardiao-familia-child/sentry.config.js;guardiao-familia-child/.github/workflows,"**Objetivo:** Child: Crash reporting Sentry child **Épico:** E-P10 App child — UX e estabilidade · **Trilha:** produto · **OKR O3** — Experiência familiar: auth, tempo de tela, gamificação e engajamento. **Sprint 9** · Repo `guardiao-familia-child` · Baseline `todo` **Refinamento:** Feature E2E — alterações em API e/ou apps conforme repo.","PR com estrategia, arquivos alterados e duvidas (template 10-agents).",
T-P10-020,Child: Analytics evento SOS triggered,guardiao-familia-child,guardiao-familia-child/app;guardiao-familia-child/components;guardiao-familia-child/hooks;guardiao-familia-child/services/api;guardiao-familia-child/src/sos;guardiao-familia-child/src/escalation;guardiao-familia-child/components/sos,"**Objetivo:** Child: Analytics evento SOS triggered **Épico:** E-P10 App child — UX e estabilidade · **Trilha:** produto · **OKR O3** — Experiência familiar: auth, tempo de tela, gamificação e engajamento. **Sprint 9** · Repo `guardiao-familia-child` · Baseline `todo` **Refinamento:** Feature E2E — alterações em API e/ou apps conforme repo.","PR com estrategia, arquivos alterados e duvidas (template 10-agents).",
T-P10-021,Child: Widget SOS Android backlog doc,guardiao-familia-child,guardiao-familia-child/app;guardiao-familia-child/components;guardiao-familia-child/hooks;guardiao-familia-child/services/api;guardiao-familia-child/src/sos;guardiao-familia-child/src/escalation;guardiao-familia-child/components/sos;guardiao-familia-child/android,"**Objetivo:** Child: Widget SOS Android backlog doc **Épico:** E-P10 App child — UX e estabilidade · **Trilha:** produto · **OKR O3** — Experiência familiar: auth, tempo de tela, gamificação e engajamento. **Sprint 9** · Repo `guardiao-familia-child` · Baseline `todo` **Refinamento:** Feature E2E — alterações em API e/ou apps conforme repo.",Validar em emulador/dispositivo Android; data safety se stores.,
T-P10-022,Child: App shortcuts SOS Android,guardiao-familia-child,guardiao-familia-child/app;guardiao-familia-child/components;guardiao-familia-child/hooks;guardiao-familia-child/services/api;guardiao-familia-child/src/sos;guardiao-familia-child/src/escalation;guardiao-familia-child/components/sos;guardiao-familia-child/android,"**Objetivo:** Child: App shortcuts SOS Android **Épico:** E-P10 App child — UX e estabilidade · **Trilha:** produto · **OKR O3** — Experiência familiar: auth, tempo de tela, gamificação e engajamento. **Sprint 9** · Repo `guardiao-familia-child` · Baseline `todo` **Refinamento:** Feature E2E — alterações em API e/ou apps conforme repo.",Validar em emulador/dispositivo Android; data safety se stores.,
T-P13-005,SEO meta tags release,guardiao-familia-site,guardiao-familia-site/public;guardiao-familia-site/pages;guardiao-familia-site/chatbot;guardiao-familia-site/index.html;guardiao-familia-site/eas.json;guardiao-familia-site/app.config.js;guardiao-familia-site/docs/store;guardiao-familia-site/fastlane,"**Objetivo:** SEO meta tags release **Épico:** E-P13 Site institucional e campanha · **Trilha:** produto · **OKR O3** — Experiência familiar: auth, tempo de tela, gamificação e engajamento. **Sprint 12** · Repo `guardiao-familia-site` · Baseline `todo` **Refinamento:** Feature E2E — alterações em API e/ou apps conforme repo.","PR com estrategia, arquivos alterados e duvidas (template 10-agents).",
T-P13-006,Página status incidentes,guardiao-familia-site,guardiao-familia-site/public;guardiao-familia-site/pages;guardiao-familia-site/chatbot;guardiao-familia-site/index.html,"**Objetivo:** Página status incidentes **Épico:** E-P13 Site institucional e campanha · **Trilha:** produto · **OKR O3** — Experiência familiar: auth, tempo de tela, gamificação e engajamento. **Sprint 12** · Repo `guardiao-familia-site` · Baseline `todo` **Refinamento:** Feature E2E — alterações em API e/ou apps conforme repo.","PR com estrategia, arquivos alterados e duvidas (template 10-agents).",
T-P13-007,Atualizar screenshots apps release,guardiao-familia-site,guardiao-familia-site/public;guardiao-familia-site/pages;guardiao-familia-site/chatbot;guardiao-familia-site/index.html;guardiao-familia-site/eas.json;guardiao-familia-site/app.config.js;guardiao-familia-site/docs/store;guardiao-familia-site/fastlane,"**Objetivo:** Atualizar screenshots apps release **Épico:** E-P13 Site institucional e campanha · **Trilha:** produto · **OKR O3** — Experiência familiar: auth, tempo de tela, gamificação e engajamento. **Sprint 12** · Repo `guardiao-familia-site` · Baseline `todo` **Refinamento:** Feature E2E — alterações em API e/ou apps conforme repo.","PR com estrategia, arquivos alterados e duvidas (template 10-agents).",
T-P02-001,Validar Mapbox road-matched routes API,guardiao-familia-api,guardiao-familia-api/src/location;guardiao-familia-api/src/maps;guardiao-familia-api/src/modules/mapbox;guardiao-familia-api/components/map;guardiao-familia-api/services/location,"**Objetivo:** Validar Mapbox road-matched routes API **Épico:** E-P02 Localização e rotas Mapbox · **Trilha:** produto · **OKR O1** — Confiabilidade em tempo real: localização, SOS, push e geofences para pais. **Sprint 4** · Repo `guardiao-familia-api` · Baseline `done` **Evidência código:** commit `cb9a003` — revisar diff como ponto de partida. **Refinamento:** baseline done — validar regressão ou documentar.","PR com estrategia, arquivos alterados e duvidas (template 10-agents).",
T-P02-002,Validar sync offline batch idempotente,guardiao-familia-api,guardiao-familia-api/src/location;guardiao-familia-api/src/maps;guardiao-familia-api/src/modules/mapbox,"**Objetivo:** Validar sync offline batch idempotente **Épico:** E-P02 Localização e rotas Mapbox · **Trilha:** produto · **OKR O1** — Confiabilidade em tempo real: localização, SOS, push e geofences para pais. **Sprint 4** · Repo `guardiao-familia-api` · Baseline `done` **Evidência código:** commit `b6702bf` — revisar diff como ponto de partida. **Refinamento:** baseline done — validar regressão ou documentar.","PR com estrategia, arquivos alterados e duvidas (template 10-agents).",
T-P02-003,Persist tracking mode offline routes,guardiao-familia-api,guardiao-familia-api/src/location;guardiao-familia-api/src/maps;guardiao-familia-api/src/modules/mapbox,"**Objetivo:** Persist tracking mode offline routes **Épico:** E-P02 Localização e rotas Mapbox · **Trilha:** produto · **OKR O1** — Confiabilidade em tempo real: localização, SOS, push e geofences para pais. **Sprint 4** · Repo `guardiao-familia-api` · Baseline `done` **Evidência código:** commit `83156e6` — revisar diff como ponto de partida. **Refinamento:** baseline done — validar regressão ou documentar.","PR com estrategia, arquivos alterados e duvidas (template 10-agents).",
T-P02-004,Parent render matched routes no mapa,guardiao-familia-api,guardiao-familia-api/src/location;guardiao-familia-api/src/maps;guardiao-familia-api/src/modules/mapbox;guardiao-familia-api/components/map;guardiao-familia-api/services/location,"**Objetivo:** Parent render matched routes no mapa **Épico:** E-P02 Localização e rotas Mapbox · **Trilha:** produto · **OKR O1** — Confiabilidade em tempo real: localização, SOS, push e geofences para pais. **Sprint 4** · Repo `guardiao-familia-api` · Baseline `done` **Evidência código:** commit `94559c0` — revisar diff como ponto de partida. **Refinamento:** baseline done — validar regressão ou documentar.","PR com estrategia, arquivos alterados e duvidas (template 10-agents).",
T-P02-005,Child sample quality offline routes,guardiao-familia-api,guardiao-familia-api/src/location;guardiao-familia-api/src/maps;guardiao-familia-api/src/modules/mapbox,"**Objetivo:** Child sample quality offline routes **Épico:** E-P02 Localização e rotas Mapbox · **Trilha:** produto · **OKR O1** — Confiabilidade em tempo real: localização, SOS, push e geofences para pais. **Sprint 4** · Repo `guardiao-familia-api` · Baseline `done` **Evidência código:** commit `0dbbc08` — revisar diff como ponto de partida. **Refinamento:** baseline done — validar regressão ou documentar.","PR com estrategia, arquivos alterados e duvidas (template 10-agents).",
T-P02-006,Recovery route quando Mapbox indisponível,guardiao-familia-api,guardiao-familia-api/src/location;guardiao-familia-api/src/maps;guardiao-familia-api/src/modules/mapbox;guardiao-familia-api/components/map;guardiao-familia-api/services/location,"**Objetivo:** Recovery route quando Mapbox indisponível **Épico:** E-P02 Localização e rotas Mapbox · **Trilha:** produto · **OKR O1** — Confiabilidade em tempo real: localização, SOS, push e geofences para pais. **Sprint 4** · Repo `guardiao-familia-api` · Baseline `done` **Evidência código:** commit `a16df36` — revisar diff como ponto de partida. **Refinamento:** baseline done — validar regressão ou documentar.","PR com estrategia, arquivos alterados e duvidas (template 10-agents).",
T-P02-008,Battery policy child location background,guardiao-familia-api,guardiao-familia-api/src/location;guardiao-familia-api/src/maps;guardiao-familia-api/src/modules/mapbox;guardiao-familia-api/components/map;guardiao-familia-api/services/location,"**Objetivo:** Battery policy child location background **Épico:** E-P02 Localização e rotas Mapbox · **Trilha:** produto · **OKR O1** — Confiabilidade em tempo real: localização, SOS, push e geofences para pais. **Sprint 4** · Repo `guardiao-familia-api` · Baseline `done` **Evidência código:** commit `ed373a3` — revisar diff como ponto de partida. **Refinamento:** baseline done — validar regressão ou documentar.","PR com estrategia, arquivos alterados e duvidas (template 10-agents).",
T-P02-009,Nudge refresh location child,guardiao-familia-api,guardiao-familia-api/src/location;guardiao-familia-api/src/maps;guardiao-familia-api/src/modules/mapbox;guardiao-familia-api/components/map;guardiao-familia-api/services/location,"**Objetivo:** Nudge refresh location child **Épico:** E-P02 Localização e rotas Mapbox · **Trilha:** produto · **OKR O1** — Confiabilidade em tempo real: localização, SOS, push e geofences para pais. **Sprint 4** · Repo `guardiao-familia-api` · Baseline `done` **Evidência código:** commit `df2b0ac` — revisar diff como ponto de partida. **Refinamento:** baseline done — validar regressão ou documentar.","PR com estrategia, arquivos alterados e duvidas (template 10-agents).",
T-P05-007,API mapear soundId por tipo alerta,guardiao-familia-parent,guardiao-familia-parent/src/notifications;guardiao-familia-parent/src/devices;guardiao-familia-parent/assets/sounds;guardiao-familia-parent/app.config.js;guardiao-familia-parent/src/monitoring;guardiao-familia-parent/sentry.config.js;guardiao-familia-parent/.github/workflows,"**Objetivo:** API mapear soundId por tipo alerta **Épico:** E-P05 Push notifications nativas · **Trilha:** produto · **OKR O1** — Confiabilidade em tempo real: localização, SOS, push e geofences para pais. **Sprint 3** · Repo `guardiao-familia-parent` · Baseline `done` **Refinamento:** baseline done — validar regressão ou documentar.","PR com estrategia, arquivos alterados e duvidas (template 10-agents).",
T-P04-001,API SOS create/update/attach audio,guardiao-familia-api,guardiao-familia-api/src/sos;guardiao-familia-api/src/escalation;guardiao-familia-api/src/notifications;guardiao-familia-api/src/storage;guardiao-familia-api/components/sos,"**Objetivo:** API SOS create/update/attach audio **Épico:** E-P04 SOS e emergência · **Trilha:** produto · **OKR O1** — Confiabilidade em tempo real: localização, SOS, push e geofences para pais. **Sprint 5** · Repo `guardiao-familia-api` · Baseline `done` **Refinamento:** baseline done — validar regressão ou documentar.","PR com estrategia, arquivos alterados e duvidas (template 10-agents).",
T-P04-002,Presign upload áudio SOS S3,guardiao-familia-api,guardiao-familia-api/src/sos;guardiao-familia-api/src/escalation;guardiao-familia-api/src/notifications;guardiao-familia-api/src/storage;guardiao-familia-api/components/sos,"**Objetivo:** Presign upload áudio SOS S3 **Épico:** E-P04 SOS e emergência · **Trilha:** produto · **OKR O1** — Confiabilidade em tempo real: localização, SOS, push e geofences para pais. **Sprint 5** · Repo `guardiao-familia-api` · Baseline `done` **Refinamento:** baseline done — validar regressão ou documentar.","PR com estrategia, arquivos alterados e duvidas (template 10-agents).",
T-P03-001,Avaliar geofence em batch pings API,guardiao-familia-api,guardiao-familia-api/src/geofences;guardiao-familia-api/src/notifications;guardiao-familia-api/src/location;guardiao-familia-api/components/geofence,"**Objetivo:** Avaliar geofence em batch pings API **Épico:** E-P03 Geofences e alertas · **Trilha:** produto · **OKR O1** — Confiabilidade em tempo real: localização, SOS, push e geofences para pais. **Sprint 6** · Repo `guardiao-familia-api` · Baseline `done` **Evidência código:** commit `aa7a914` — revisar diff como ponto de partida. **Refinamento:** baseline done — validar regressão ou documentar.","PR com estrategia, arquivos alterados e duvidas (template 10-agents).",
T-P03-008,Documentar regras tolerância stale ping,guardiao-familia-api,guardiao-familia-api/src/geofences;guardiao-familia-api/src/notifications;guardiao-familia-api/src/location,"**Objetivo:** Documentar regras tolerância stale ping **Épico:** E-P03 Geofences e alertas · **Trilha:** produto · **OKR O1** — Confiabilidade em tempo real: localização, SOS, push e geofences para pais. **Sprint 6** · Repo `guardiao-familia-api` · Baseline `done` **Evidência código:** commit `aa7a914` — revisar diff como ponto de partida. **Refinamento:** baseline done — validar regressão ou documentar.",Entregável em markdown no repo; linkar no PR.,
T-S04-003,Validate GP submit secret CI,guardiao-familia-child,guardiao-familia-child/app.config.js;guardiao-familia-child/android;guardiao-familia-child/eas.json;guardiao-familia-child/docs/store/google-child;guardiao-familia-child/infra/terraform;guardiao-familia-child/terraform/modules;guardiao-familia-child/docs/store;guardiao-familia-child/fastlane,"**Objetivo:** Validate GP submit secret CI **Épico:** E-S04 Google Play child · **Trilha:** stores · **OKR O2** — Fundação produção: infra AWS, compliance, stores e operação. **Sprint 12** · Repo `guardiao-familia-child` · Baseline `done` **Evidência código:** commit `3e37e38` — revisar diff como ponto de partida. **Refinamento:** baseline done — validar regressão ou documentar.","PR com estrategia, arquivos alterados e duvidas (template 10-agents).",
T-I02-002,Gate deploy por branch main,guardiao-familia-api,guardiao-familia-api/.github/workflows;guardiao-familia-api/scripts/deploy;guardiao-familia-api/eas.json;guardiao-familia-api/scripts/ci,"**Objetivo:** Gate deploy por branch main **Épico:** E-I02 CI/CD multi-repo · **Trilha:** infraestrutura · **OKR O2** — Fundação produção: infra AWS, compliance, stores e operação. **Sprint 2** · Repo `guardiao-familia-api` · Baseline `done` **Evidência código:** commit `5821a0a` — revisar diff como ponto de partida. **Refinamento:** baseline done — validar regressão ou documentar.","PR com estrategia, arquivos alterados e duvidas (template 10-agents).",
T-I02-003,Automate cache purge Cloudflare,guardiao-familia-api,guardiao-familia-api/.github/workflows;guardiao-familia-api/scripts/deploy;guardiao-familia-api/eas.json,"**Objetivo:** Automate cache purge Cloudflare **Épico:** E-I02 CI/CD multi-repo · **Trilha:** infraestrutura · **OKR O2** — Fundação produção: infra AWS, compliance, stores e operação. **Sprint 2** · Repo `guardiao-familia-api` · Baseline `done` **Evidência código:** commit `5821a0a` — revisar diff como ponto de partida. **Refinamento:** baseline done — validar regressão ou documentar.","PR com estrategia, arquivos alterados e duvidas (template 10-agents).",
T-I02-004,EAS update workflow parent,guardiao-familia-api,guardiao-familia-api/.github/workflows;guardiao-familia-api/scripts/deploy;guardiao-familia-api/eas.json;guardiao-familia-api/scripts/ci,"**Objetivo:** EAS update workflow parent **Épico:** E-I02 CI/CD multi-repo · **Trilha:** infraestrutura · **OKR O2** — Fundação produção: infra AWS, compliance, stores e operação. **Sprint 2** · Repo `guardiao-familia-api` · Baseline `done` **Evidência código:** commit `3ead192` — revisar diff como ponto de partida. **Refinamento:** baseline done — validar regressão ou documentar.","PR com estrategia, arquivos alterados e duvidas (template 10-agents).",
T-I02-005,EAS submit iOS parent,guardiao-familia-api,guardiao-familia-api/.github/workflows;guardiao-familia-api/scripts/deploy;guardiao-familia-api/eas.json;guardiao-familia-api/app.config.js;guardiao-familia-api/docs/store;guardiao-familia-api/fastlane;guardiao-familia-api/ios,"**Objetivo:** EAS submit iOS parent **Épico:** E-I02 CI/CD multi-repo · **Trilha:** infraestrutura · **OKR O2** — Fundação produção: infra AWS, compliance, stores e operação. **Sprint 2** · Repo `guardiao-familia-api` · Baseline `done` **Evidência código:** commit `ce8728d` — revisar diff como ponto de partida. **Refinamento:** baseline done — validar regressão ou documentar.",Validar em simulador/dispositivo iOS; permissoes no Info.plist.,
T-I02-007,Backoffice SSM deploy sa-east-1,guardiao-familia-api,guardiao-familia-api/.github/workflows;guardiao-familia-api/scripts/deploy;guardiao-familia-api/eas.json;guardiao-familia-api/scripts/ci;guardiao-familia-api/app/admin;guardiao-familia-api/components/admin;guardiao-familia-api/pages,"**Objetivo:** Backoffice SSM deploy sa-east-1 **Épico:** E-I02 CI/CD multi-repo · **Trilha:** infraestrutura · **OKR O2** — Fundação produção: infra AWS, compliance, stores e operação. **Sprint 2** · Repo `guardiao-familia-api` · Baseline `done` **Evidência código:** commit `c23d55c` — revisar diff como ponto de partida. **Refinamento:** baseline done — validar regressão ou documentar.","PR com estrategia, arquivos alterados e duvidas (template 10-agents).",
T-P12-001,Live support board produção,guardiao-familia-backoffice,guardiao-familia-backoffice/app;guardiao-familia-backoffice/components;guardiao-familia-backoffice/pages/api;guardiao-familia-backoffice/lib,"**Objetivo:** Live support board produção **Épico:** E-P12 Backoffice operacional release · **Trilha:** produto · **OKR O2** — Fundação produção: infra AWS, compliance, stores e operação. **Sprint 11** · Repo `guardiao-familia-backoffice` · Baseline `done` **Evidência código:** commit `ff7ba8a` — revisar diff como ponto de partida. **Refinamento:** baseline done — validar regressão ou documentar.","PR com estrategia, arquivos alterados e duvidas (template 10-agents).",
T-P12-002,Support audio playback,guardiao-familia-backoffice,guardiao-familia-backoffice/app;guardiao-familia-backoffice/components;guardiao-familia-backoffice/pages/api;guardiao-familia-backoffice/lib,"**Objetivo:** Support audio playback **Épico:** E-P12 Backoffice operacional release · **Trilha:** produto · **OKR O2** — Fundação produção: infra AWS, compliance, stores e operação. **Sprint 11** · Repo `guardiao-familia-backoffice` · Baseline `done` **Evidência código:** commit `b870fd6` — revisar diff como ponto de partida. **Refinamento:** baseline done — validar regressão ou documentar.","PR com estrategia, arquivos alterados e duvidas (template 10-agents).",
T-P12-003,Cloudflare analytics dashboard,guardiao-familia-backoffice,guardiao-familia-backoffice/app;guardiao-familia-backoffice/components;guardiao-familia-backoffice/pages/api;guardiao-familia-backoffice/lib,"**Objetivo:** Cloudflare analytics dashboard **Épico:** E-P12 Backoffice operacional release · **Trilha:** produto · **OKR O2** — Fundação produção: infra AWS, compliance, stores e operação. **Sprint 11** · Repo `guardiao-familia-backoffice` · Baseline `done` **Evidência código:** commit `bf172e8` — revisar diff como ponto de partida. **Refinamento:** baseline done — validar regressão ou documentar.","PR com estrategia, arquivos alterados e duvidas (template 10-agents).",
T-P12-004,Role-based menu sidebar,guardiao-familia-backoffice,guardiao-familia-backoffice/app;guardiao-familia-backoffice/components;guardiao-familia-backoffice/pages/api;guardiao-familia-backoffice/lib,"**Objetivo:** Role-based menu sidebar **Épico:** E-P12 Backoffice operacional release · **Trilha:** produto · **OKR O2** — Fundação produção: infra AWS, compliance, stores e operação. **Sprint 11** · Repo `guardiao-familia-backoffice` · Baseline `done` **Evidência código:** commit `c69f117` — revisar diff como ponto de partida. **Refinamento:** baseline done — validar regressão ou documentar.","PR com estrategia, arquivos alterados e duvidas (template 10-agents).",
T-P12-005,Leads listing overview,guardiao-familia-backoffice,guardiao-familia-backoffice/app;guardiao-familia-backoffice/components;guardiao-familia-backoffice/pages/api;guardiao-familia-backoffice/lib,"**Objetivo:** Leads listing overview **Épico:** E-P12 Backoffice operacional release · **Trilha:** produto · **OKR O2** — Fundação produção: infra AWS, compliance, stores e operação. **Sprint 11** · Repo `guardiao-familia-backoffice` · Baseline `done` **Evidência código:** commit `afa0057` — revisar diff como ponto de partida. **Refinamento:** baseline done — validar regressão ou documentar.","PR com estrategia, arquivos alterados e duvidas (template 10-agents).",
T-P10-001,Pairing help simplificado,guardiao-familia-child,guardiao-familia-child/app;guardiao-familia-child/components;guardiao-familia-child/hooks;guardiao-familia-child/services/api;guardiao-familia-child/src/pairing;guardiao-familia-child/app/pairing;guardiao-familia-child/screens/Pairing,"**Objetivo:** Pairing help simplificado **Épico:** E-P10 App child — UX e estabilidade · **Trilha:** produto · **OKR O3** — Experiência familiar: auth, tempo de tela, gamificação e engajamento. **Sprint 9** · Repo `guardiao-familia-child` · Baseline `done` **Evidência código:** commit `fd9882d` — revisar diff como ponto de partida. **Refinamento:** baseline done — validar regressão ou documentar.","PR com estrategia, arquivos alterados e duvidas (template 10-agents).",
T-P10-002,App name PT-BR copy,guardiao-familia-child,guardiao-familia-child/app;guardiao-familia-child/components;guardiao-familia-child/hooks;guardiao-familia-child/services/api,"**Objetivo:** App name PT-BR copy **Épico:** E-P10 App child — UX e estabilidade · **Trilha:** produto · **OKR O3** — Experiência familiar: auth, tempo de tela, gamificação e engajamento. **Sprint 9** · Repo `guardiao-familia-child` · Baseline `done` **Evidência código:** commit `fd94887` — revisar diff como ponto de partida. **Refinamento:** baseline done — validar regressão ou documentar.","PR com estrategia, arquivos alterados e duvidas (template 10-agents).",
T-P10-003,Privacy compliance App Store,guardiao-familia-child,guardiao-familia-child/app;guardiao-familia-child/components;guardiao-familia-child/hooks;guardiao-familia-child/services/api;guardiao-familia-child/eas.json;guardiao-familia-child/app.config.js;guardiao-familia-child/docs/store;guardiao-familia-child/fastlane,"**Objetivo:** Privacy compliance App Store **Épico:** E-P10 App child — UX e estabilidade · **Trilha:** produto · **OKR O3** — Experiência familiar: auth, tempo de tela, gamificação e engajamento. **Sprint 9** · Repo `guardiao-familia-child` · Baseline `done` **Evidência código:** commit `f26520e` — revisar diff como ponto de partida. **Refinamento:** baseline done — validar regressão ou documentar.","PR com estrategia, arquivos alterados e duvidas (template 10-agents).",
T-P10-004,Background location hardening,guardiao-familia-child,guardiao-familia-child/app;guardiao-familia-child/components;guardiao-familia-child/hooks;guardiao-familia-child/services/api;guardiao-familia-child/src/location;guardiao-familia-child/src/maps;guardiao-familia-child/components/map;guardiao-familia-child/services/location,"**Objetivo:** Background location hardening **Épico:** E-P10 App child — UX e estabilidade · **Trilha:** produto · **OKR O3** — Experiência familiar: auth, tempo de tela, gamificação e engajamento. **Sprint 9** · Repo `guardiao-familia-child` · Baseline `done` **Evidência código:** commit `3d58268` — revisar diff como ponto de partida. **Refinamento:** baseline done — validar regressão ou documentar.","PR com estrategia, arquivos alterados e duvidas (template 10-agents).",
T-P10-005,Invalid session reset,guardiao-familia-child,guardiao-familia-child/app;guardiao-familia-child/components;guardiao-familia-child/hooks;guardiao-familia-child/services/api;guardiao-familia-child/src/auth;guardiao-familia-child/services/auth;guardiao-familia-child/contexts/AuthContext,"**Objetivo:** Invalid session reset **Épico:** E-P10 App child — UX e estabilidade · **Trilha:** produto · **OKR O3** — Experiência familiar: auth, tempo de tela, gamificação e engajamento. **Sprint 9** · Repo `guardiao-familia-child` · Baseline `done` **Evidência código:** commit `1f9c28f` — revisar diff como ponto de partida. **Refinamento:** baseline done — validar regressão ou documentar.","PR com estrategia, arquivos alterados e duvidas (template 10-agents).",
T-P10-006,Release 2.0.0 estabilização,guardiao-familia-child,guardiao-familia-child/app;guardiao-familia-child/components;guardiao-familia-child/hooks;guardiao-familia-child/services/api;guardiao-familia-child/eas.json;guardiao-familia-child/app.config.js;guardiao-familia-child/docs/store;guardiao-familia-child/fastlane,"**Objetivo:** Release 2.0.0 estabilização **Épico:** E-P10 App child — UX e estabilidade · **Trilha:** produto · **OKR O3** — Experiência familiar: auth, tempo de tela, gamificação e engajamento. **Sprint 9** · Repo `guardiao-familia-child` · Baseline `done` **Evidência código:** commit `b099a45` — revisar diff como ponto de partida. **Refinamento:** baseline done — validar regressão ou documentar.","PR com estrategia, arquivos alterados e duvidas (template 10-agents).",
T-P01-003,Validar revogação sessão child ao desvincular,guardiao-familia-api,guardiao-familia-api/src/auth;guardiao-familia-api/src/users;guardiao-familia-api/src/devices;guardiao-familia-api/src/pairing;guardiao-familia-api/src/families;guardiao-familia-api/services/auth;guardiao-familia-api/contexts/AuthContext,"**Objetivo:** Validar revogação sessão child ao desvincular **Épico:** E-P01 Auth, sessão e pareamento · **Trilha:** produto · **OKR O3** — Experiência familiar: auth, tempo de tela, gamificação e engajamento. **Sprint 2** · Repo `guardiao-familia-api` · Baseline `done` **Evidência código:** commit `0ff10dc` — revisar diff como ponto de partida. **Refinamento:** baseline done — validar regressão ou documentar.","PR com estrategia, arquivos alterados e duvidas (template 10-agents).",
T-P01-006,Hardening rate-limit auth 429 falsos positivos,guardiao-familia-api,guardiao-familia-api/src/auth;guardiao-familia-api/src/users;guardiao-familia-api/src/devices;guardiao-familia-api/src/pairing;guardiao-familia-api/src/families;guardiao-familia-api/services/auth;guardiao-familia-api/contexts/AuthContext,"**Objetivo:** Hardening rate-limit auth 429 falsos positivos **Épico:** E-P01 Auth, sessão e pareamento · **Trilha:** produto · **OKR O3** — Experiência familiar: auth, tempo de tela, gamificação e engajamento. **Sprint 2** · Repo `guardiao-familia-api` · Baseline `done` **Evidência código:** commit `5821a0a` — revisar diff como ponto de partida. **Refinamento:** baseline done — validar regressão ou documentar.","PR com estrategia, arquivos alterados e duvidas (template 10-agents).",
T-P01-010,Checklist segurança pareamento child sem guardian,guardiao-familia-api,guardiao-familia-api/src/auth;guardiao-familia-api/src/users;guardiao-familia-api/src/devices;guardiao-familia-api/src/pairing;guardiao-familia-api/src/families;guardiao-familia-api/app/pairing;guardiao-familia-api/screens/Pairing,"**Objetivo:** Checklist segurança pareamento child sem guardian **Épico:** E-P01 Auth, sessão e pareamento · **Trilha:** produto · **OKR O3** — Experiência familiar: auth, tempo de tela, gamificação e engajamento. **Sprint 2** · Repo `guardiao-familia-api` · Baseline `done` **Evidência código:** commit `26c519e` — revisar diff como ponto de partida. **Refinamento:** baseline done — validar regressão ou documentar.","PR com estrategia, arquivos alterados e duvidas (template 10-agents).",
T-P14-004,API chatbot: site chatbot intent routing,guardiao-familia-api,guardiao-familia-api/public;guardiao-familia-api/pages;guardiao-familia-api/chatbot;guardiao-familia-api/index.html,"**Objetivo:** API chatbot: site chatbot intent routing **Épico:** E-P13 Site institucional e campanha · **Trilha:** produto · **OKR O3** — Experiência familiar: auth, tempo de tela, gamificação e engajamento. **Sprint 6** · Repo `guardiao-familia-api` · Baseline `done` **Refinamento:** baseline done — validar regressão ou documentar.","PR com estrategia, arquivos alterados e duvidas (template 10-agents).",
T-P14-005,API ai: support classifier rollout,guardiao-familia-api,guardiao-familia-api/app/(tabs)/map;guardiao-familia-api/app/(tabs)/reports;guardiao-familia-api/src/ai;guardiao-familia-api/components/map,"**Objetivo:** API ai: support classifier rollout **Épico:** E-P09 App parent — mapa, relatórios, IA · **Trilha:** produto · **OKR O3** — Experiência familiar: auth, tempo de tela, gamificação e engajamento. **Sprint 6** · Repo `guardiao-familia-api` · Baseline `done` **Evidência código:** commit `e2c6ea8` — revisar diff como ponto de partida. **Refinamento:** baseline done — validar regressão ou documentar.","PR com estrategia, arquivos alterados e duvidas (template 10-agents).",
T-P14-006,API ai: disable placeholder provider default,guardiao-familia-api,guardiao-familia-api/app/(tabs)/map;guardiao-familia-api/app/(tabs)/reports;guardiao-familia-api/src/ai;guardiao-familia-api/components/map,"**Objetivo:** API ai: disable placeholder provider default **Épico:** E-P09 App parent — mapa, relatórios, IA · **Trilha:** produto · **OKR O3** — Experiência familiar: auth, tempo de tela, gamificação e engajamento. **Sprint 6** · Repo `guardiao-familia-api` · Baseline `done` **Evidência código:** commit `1fc606d` — revisar diff como ponto de partida. **Refinamento:** baseline done — validar regressão ou documentar.","PR com estrategia, arquivos alterados e duvidas (template 10-agents).",
T-P14-008,API payments: paywall feature flag off prod,guardiao-familia-api,guardiao-familia-api/src/screen-time;guardiao-familia-api/src/notifications;guardiao-familia-api/src/email,"**Objetivo:** API payments: paywall feature flag off prod **Épico:** E-P06 Tempo de tela e pedido extra · **Trilha:** produto · **OKR O3** — Experiência familiar: auth, tempo de tela, gamificação e engajamento. **Sprint 6** · Repo `guardiao-familia-api` · Baseline `done` **Evidência código:** commit `c64e9f4` — revisar diff como ponto de partida. **Refinamento:** baseline done — validar regressão ou documentar.","PR com estrategia, arquivos alterados e duvidas (template 10-agents).",
T-P14-013,API email: template extra-time request,guardiao-familia-api,guardiao-familia-api/src/location;guardiao-familia-api/src/maps;guardiao-familia-api/src/modules/mapbox;guardiao-familia-api/src/screen-time;guardiao-familia-api/app/screen-time,"**Objetivo:** API email: template extra-time request **Épico:** E-P02 Localização e rotas Mapbox · **Trilha:** produto · **OKR O3** — Experiência familiar: auth, tempo de tela, gamificação e engajamento. **Sprint 6** · Repo `guardiao-familia-api` · Baseline `done` **Refinamento:** baseline done — validar regressão ou documentar.","PR com estrategia, arquivos alterados e duvidas (template 10-agents).",
T-P14-014,API content: tutorial CMS API CRUD,guardiao-familia-api,guardiao-familia-api/src/location;guardiao-familia-api/src/maps;guardiao-familia-api/src/modules/mapbox,"**Objetivo:** API content: tutorial CMS API CRUD **Épico:** E-P02 Localização e rotas Mapbox · **Trilha:** produto · **OKR O3** — Experiência familiar: auth, tempo de tela, gamificação e engajamento. **Sprint 6** · Repo `guardiao-familia-api` · Baseline `done` **Refinamento:** baseline done — validar regressão ou documentar.","PR com estrategia, arquivos alterados e duvidas (template 10-agents).",
T-P14-017,API pre-launch: waitlist lead capture API,guardiao-familia-api,guardiao-familia-api/src/location;guardiao-familia-api/src/maps;guardiao-familia-api/src/modules/mapbox,"**Objetivo:** API pre-launch: waitlist lead capture API **Épico:** E-P02 Localização e rotas Mapbox · **Trilha:** produto · **OKR O3** — Experiência familiar: auth, tempo de tela, gamificação e engajamento. **Sprint 6** · Repo `guardiao-familia-api` · Baseline `done` **Refinamento:** baseline done — validar regressão ou documentar.","PR com estrategia, arquivos alterados e duvidas (template 10-agents).",
T-P14-018,API accounting: CPC fiscal endpoints BO,guardiao-familia-api,guardiao-familia-api/src/location;guardiao-familia-api/src/maps;guardiao-familia-api/src/modules/mapbox,"**Objetivo:** API accounting: CPC fiscal endpoints BO **Épico:** E-P02 Localização e rotas Mapbox · **Trilha:** produto · **OKR O3** — Experiência familiar: auth, tempo de tela, gamificação e engajamento. **Sprint 6** · Repo `guardiao-familia-api` · Baseline `done` **Refinamento:** baseline done — validar regressão ou documentar.","PR com estrategia, arquivos alterados e duvidas (template 10-agents).",
T-P14-022,API devices: device supersession integration test,guardiao-familia-api,guardiao-familia-api/src/auth;guardiao-familia-api/src/users;guardiao-familia-api/src/devices;guardiao-familia-api/src/pairing;guardiao-familia-api/src/families;guardiao-familia-api/test;guardiao-familia-api/tests;guardiao-familia-api/__tests__,"**Objetivo:** API devices: device supersession integration test **Épico:** E-P01 Auth, sessão e pareamento · **Trilha:** produto · **OKR O3** — Experiência familiar: auth, tempo de tela, gamificação e engajamento. **Sprint 6** · Repo `guardiao-familia-api` · Baseline `done` **Evidência código:** commit `f39c9c6` — revisar diff como ponto de partida. **Refinamento:** baseline done — validar regressão ou documentar.","PR com estrategia, arquivos alterados e duvidas (template 10-agents).",
T-P14-035,API storage: SOS audio MIME validation,guardiao-familia-api,guardiao-familia-api/src/location;guardiao-familia-api/src/maps;guardiao-familia-api/src/modules/mapbox;guardiao-familia-api/src/sos;guardiao-familia-api/src/escalation;guardiao-familia-api/components/sos,"**Objetivo:** API storage: SOS audio MIME validation **Épico:** E-P02 Localização e rotas Mapbox · **Trilha:** produto · **OKR O3** — Experiência familiar: auth, tempo de tela, gamificação e engajamento. **Sprint 6** · Repo `guardiao-familia-api` · Baseline `done` **Refinamento:** baseline done — validar regressão ou documentar.","PR com estrategia, arquivos alterados e duvidas (template 10-agents).",
T-P09-001,Mapa rotas matched estabilidade,guardiao-familia-parent,guardiao-familia-parent/app/(tabs)/map;guardiao-familia-parent/app/(tabs)/reports;guardiao-familia-parent/src/ai;guardiao-familia-parent/components/map;guardiao-familia-parent/src/location;guardiao-familia-parent/src/maps;guardiao-familia-parent/services/location,"**Objetivo:** Mapa rotas matched estabilidade **Épico:** E-P09 App parent — mapa, relatórios, IA · **Trilha:** produto · **OKR O3** — Experiência familiar: auth, tempo de tela, gamificação e engajamento. **Sprint 10** · Repo `guardiao-familia-parent` · Baseline `done` **Evidência código:** commit `f5047fa` — revisar diff como ponto de partida. **Refinamento:** baseline done — validar regressão ou documentar.","PR com estrategia, arquivos alterados e duvidas (template 10-agents).",
T-P09-002,Offline route refresh seguro,guardiao-familia-parent,guardiao-familia-parent/app/(tabs)/map;guardiao-familia-parent/app/(tabs)/reports;guardiao-familia-parent/src/ai;guardiao-familia-parent/components/map,"**Objetivo:** Offline route refresh seguro **Épico:** E-P09 App parent — mapa, relatórios, IA · **Trilha:** produto · **OKR O3** — Experiência familiar: auth, tempo de tela, gamificação e engajamento. **Sprint 10** · Repo `guardiao-familia-parent` · Baseline `done` **Evidência código:** commit `aef5509` — revisar diff como ponto de partida. **Refinamento:** baseline done — validar regressão ou documentar.","PR com estrategia, arquivos alterados e duvidas (template 10-agents).",
T-P09-010,Remover URL plan config stale,guardiao-familia-parent,guardiao-familia-parent/app/(tabs)/map;guardiao-familia-parent/app/(tabs)/reports;guardiao-familia-parent/src/ai;guardiao-familia-parent/components/map,"**Objetivo:** Remover URL plan config stale **Épico:** E-P09 App parent — mapa, relatórios, IA · **Trilha:** produto · **OKR O3** — Experiência familiar: auth, tempo de tela, gamificação e engajamento. **Sprint 10** · Repo `guardiao-familia-parent` · Baseline `done` **Evidência código:** commit `dbabadf` — revisar diff como ponto de partida. **Refinamento:** baseline done — validar regressão ou documentar.","PR com estrategia, arquivos alterados e duvidas (template 10-agents).",
T-P09-011,Jest release checks estáveis,guardiao-familia-parent,guardiao-familia-parent/app/(tabs)/map;guardiao-familia-parent/app/(tabs)/reports;guardiao-familia-parent/src/ai;guardiao-familia-parent/components/map;guardiao-familia-parent/eas.json;guardiao-familia-parent/app.config.js;guardiao-familia-parent/docs/store;guardiao-familia-parent/fastlane,"**Objetivo:** Jest release checks estáveis **Épico:** E-P09 App parent — mapa, relatórios, IA · **Trilha:** produto · **OKR O3** — Experiência familiar: auth, tempo de tela, gamificação e engajamento. **Sprint 10** · Repo `guardiao-familia-parent` · Baseline `done` **Evidência código:** commit `d9529ab` — revisar diff como ponto de partida. **Refinamento:** baseline done — validar regressão ou documentar.","PR com estrategia, arquivos alterados e duvidas (template 10-agents).",
T-P09-012,Paywall permanece desabilitado release,guardiao-familia-parent,guardiao-familia-parent/app/(tabs)/map;guardiao-familia-parent/app/(tabs)/reports;guardiao-familia-parent/src/ai;guardiao-familia-parent/components/map;guardiao-familia-parent/eas.json;guardiao-familia-parent/app.config.js;guardiao-familia-parent/docs/store;guardiao-familia-parent/fastlane,"**Objetivo:** Paywall permanece desabilitado release **Épico:** E-P09 App parent — mapa, relatórios, IA · **Trilha:** produto · **OKR O3** — Experiência familiar: auth, tempo de tela, gamificação e engajamento. **Sprint 10** · Repo `guardiao-familia-parent` · Baseline `done` **Evidência código:** commit `c64e9f4` — revisar diff como ponto de partida. **Refinamento:** baseline done — validar regressão ou documentar.","PR com estrategia, arquivos alterados e duvidas (template 10-agents).",
T-P06-001,API regras tempo de tela CRUD,guardiao-familia-api,guardiao-familia-api/src/screen-time;guardiao-familia-api/src/notifications;guardiao-familia-api/src/email;guardiao-familia-api/app/screen-time,"**Objetivo:** API regras tempo de tela CRUD **Épico:** E-P06 Tempo de tela e pedido extra · **Trilha:** produto · **OKR O3** — Experiência familiar: auth, tempo de tela, gamificação e engajamento. **Sprint 7** · Repo `guardiao-familia-api` · Baseline `done` **Refinamento:** baseline done — validar regressão ou documentar.","PR com estrategia, arquivos alterados e duvidas (template 10-agents).",
T-P06-002,API pedido tempo extra create/decide,guardiao-familia-api,guardiao-familia-api/src/screen-time;guardiao-familia-api/src/notifications;guardiao-familia-api/src/email,"**Objetivo:** API pedido tempo extra create/decide **Épico:** E-P06 Tempo de tela e pedido extra · **Trilha:** produto · **OKR O3** — Experiência familiar: auth, tempo de tela, gamificação e engajamento. **Sprint 7** · Repo `guardiao-familia-api` · Baseline `done` **Refinamento:** baseline done — validar regressão ou documentar.","PR com estrategia, arquivos alterados e duvidas (template 10-agents).",
T-P06-006,E-mail notificação pedido extra,guardiao-familia-api,guardiao-familia-api/src/screen-time;guardiao-familia-api/src/notifications;guardiao-familia-api/src/email;guardiao-familia-api/src/devices;guardiao-familia-api/services/push,"**Objetivo:** E-mail notificação pedido extra **Épico:** E-P06 Tempo de tela e pedido extra · **Trilha:** produto · **OKR O3** — Experiência familiar: auth, tempo de tela, gamificação e engajamento. **Sprint 7** · Repo `guardiao-familia-api` · Baseline `done` **Refinamento:** baseline done — validar regressão ou documentar.","PR com estrategia, arquivos alterados e duvidas (template 10-agents).",
T-P06-008,Política extra-time applies date,guardiao-familia-api,guardiao-familia-api/src/screen-time;guardiao-familia-api/src/notifications;guardiao-familia-api/src/email;guardiao-familia-api/app/screen-time,"**Objetivo:** Política extra-time applies date **Épico:** E-P06 Tempo de tela e pedido extra · **Trilha:** produto · **OKR O3** — Experiência familiar: auth, tempo de tela, gamificação e engajamento. **Sprint 7** · Repo `guardiao-familia-api` · Baseline `done` **Refinamento:** baseline done — validar regressão ou documentar.","PR com estrategia, arquivos alterados e duvidas (template 10-agents).",
T-P08-001,API family members CRUD,guardiao-familia-api,guardiao-familia-api/src/families;guardiao-familia-api/src/family-messages;guardiao-familia-api/src/family-access,"**Objetivo:** API family members CRUD **Épico:** E-P08 Família, mensagens e acesso · **Trilha:** produto · **OKR O3** — Experiência familiar: auth, tempo de tela, gamificação e engajamento. **Sprint 8** · Repo `guardiao-familia-api` · Baseline `done` **Refinamento:** baseline done — validar regressão ou documentar.","PR com estrategia, arquivos alterados e duvidas (template 10-agents).",
T-P08-002,API family messages,guardiao-familia-api,guardiao-familia-api/src/families;guardiao-familia-api/src/family-messages;guardiao-familia-api/src/family-access,"**Objetivo:** API family messages **Épico:** E-P08 Família, mensagens e acesso · **Trilha:** produto · **OKR O3** — Experiência familiar: auth, tempo de tela, gamificação e engajamento. **Sprint 8** · Repo `guardiao-familia-api` · Baseline `done` **Refinamento:** baseline done — validar regressão ou documentar.","PR com estrategia, arquivos alterados e duvidas (template 10-agents).",
T-P08-003,API family access invites,guardiao-familia-api,guardiao-familia-api/src/families;guardiao-familia-api/src/family-messages;guardiao-familia-api/src/family-access,"**Objetivo:** API family access invites **Épico:** E-P08 Família, mensagens e acesso · **Trilha:** produto · **OKR O3** — Experiência familiar: auth, tempo de tela, gamificação e engajamento. **Sprint 8** · Repo `guardiao-familia-api` · Baseline `done` **Refinamento:** baseline done — validar regressão ou documentar.","PR com estrategia, arquivos alterados e duvidas (template 10-agents).",
T-P08-006,Referral rewards API,guardiao-familia-api,guardiao-familia-api/src/families;guardiao-familia-api/src/family-messages;guardiao-familia-api/src/family-access;guardiao-familia-api/src/migrations;guardiao-familia-api/src/database,"**Objetivo:** Referral rewards API **Épico:** E-P08 Família, mensagens e acesso · **Trilha:** produto · **OKR O3** — Experiência familiar: auth, tempo de tela, gamificação e engajamento. **Sprint 8** · Repo `guardiao-familia-api` · Baseline `done` **Refinamento:** baseline done — validar regressão ou documentar.","PR com estrategia, arquivos alterados e duvidas (template 10-agents).",
T-P07-001,API conquistas e pontos child,guardiao-familia-child,guardiao-familia-child/src/gamification;guardiao-familia-child/app/(tabs);guardiao-familia-child/components/achievements,"**Objetivo:** API conquistas e pontos child **Épico:** E-P07 Gamificação e engajamento child · **Trilha:** produto · **OKR O3** — Experiência familiar: auth, tempo de tela, gamificação e engajamento. **Sprint 9** · Repo `guardiao-familia-child` · Baseline `done` **Refinamento:** baseline done — validar regressão ou documentar.","PR com estrategia, arquivos alterados e duvidas (template 10-agents).",
T-P13-001,CNPJ páginas legais,guardiao-familia-site,guardiao-familia-site/public;guardiao-familia-site/pages;guardiao-familia-site/chatbot;guardiao-familia-site/index.html,"**Objetivo:** CNPJ páginas legais **Épico:** E-P13 Site institucional e campanha · **Trilha:** produto · **OKR O3** — Experiência familiar: auth, tempo de tela, gamificação e engajamento. **Sprint 12** · Repo `guardiao-familia-site` · Baseline `done` **Evidência código:** commit `8928a7e` — revisar diff como ponto de partida. **Refinamento:** baseline done — validar regressão ou documentar.","PR com estrategia, arquivos alterados e duvidas (template 10-agents).",
T-P13-002,Chatbot widget site,guardiao-familia-site,guardiao-familia-site/public;guardiao-familia-site/pages;guardiao-familia-site/chatbot;guardiao-familia-site/index.html,"**Objetivo:** Chatbot widget site **Épico:** E-P13 Site institucional e campanha · **Trilha:** produto · **OKR O3** — Experiência familiar: auth, tempo de tela, gamificação e engajamento. **Sprint 12** · Repo `guardiao-familia-site` · Baseline `done` **Evidência código:** commit `637dd2a` — revisar diff como ponto de partida. **Refinamento:** baseline done — validar regressão ou documentar.","PR com estrategia, arquivos alterados e duvidas (template 10-agents).",
T-P13-003,Links download pré-lançamento,guardiao-familia-site,guardiao-familia-site/public;guardiao-familia-site/pages;guardiao-familia-site/chatbot;guardiao-familia-site/index.html,"**Objetivo:** Links download pré-lançamento **Épico:** E-P13 Site institucional e campanha · **Trilha:** produto · **OKR O3** — Experiência familiar: auth, tempo de tela, gamificação e engajamento. **Sprint 12** · Repo `guardiao-familia-site` · Baseline `done` **Evidência código:** commit `a6fac08` — revisar diff como ponto de partida. **Refinamento:** baseline done — validar regressão ou documentar.","PR com estrategia, arquivos alterados e duvidas (template 10-agents).",
T-P13-004,Campanha 30 dias estrutura,guardiao-familia-site,guardiao-familia-site/public;guardiao-familia-site/pages;guardiao-familia-site/chatbot;guardiao-familia-site/index.html,"**Objetivo:** Campanha 30 dias estrutura **Épico:** E-P13 Site institucional e campanha · **Trilha:** produto · **OKR O3** — Experiência familiar: auth, tempo de tela, gamificação e engajamento. **Sprint 12** · Repo `guardiao-familia-site` · Baseline `done` **Evidência código:** commit `2556642` — revisar diff como ponto de partida. **Refinamento:** baseline done — validar regressão ou documentar.","PR com estrategia, arquivos alterados e duvidas (template 10-agents).",
